ID,Education,Marital_Status,Income,Country,Age,Children
0,Graduation,Married,70951.0,SA,37,0
1,Graduation,Single,57091.0,CA,61,0
9,Master,Single,46098.0,CA,47,2
13,PhD,Widow,25358.0,SA,75,1
17,PhD,Married,60491.0,SP,51,1
20,2n Cycle,Married,46891.0,GER,57,1
22,Graduation,Divorced,46310.0,SP,46,1
24,Master,Together,17144.0,SA,62,2
25,Graduation,Married,65148.0,CA,64,1
35,Graduation,Married,25545.0,SP,35,1
48,Graduation,Together,55761.0,SP,58,1
49,Graduation,Single,20587.0,CA,52,1
55,Graduation,Together,56253.0,SP,59,1
67,Master,Single,46423.0,SP,50,2
73,PhD,Single,51411.0,IND,69,3
75,2n Cycle,Together,41039.0,US,40,0
78,Graduation,Married,25293.0,SP,53,1
87,2n Cycle,Married,27733.0,GER,41,1
89,2n Cycle,Married,22212.0,SA,47,1
92,Graduation,Alone,34176.0,CA,34,1
113,Graduation,Married,30833.0,SP,71,2
115,Master,Single,43456.0,IND,56,1
123,Graduation,Widow,67046.0,AUS,71,1
125,2n Cycle,Together,53083.0,IND,64,2
143,Graduation,Single,61209.0,US,52,0
146,PhD,Single,76045.0,SP,62,0
153,Graduation,Divorced,23272.0,SP,69,0
158,PhD,Together,71604.0,SP,77,0
164,PhD,Married,28973.0,SP,45,0
175,Graduation,Married,71952.0,SP,36,1
176,2n Cycle,Single,67506.0,SP,42,1
178,Graduation,Married,62503.0,SP,66,1
182,PhD,Together,44124.0,SP,76,1
193,Basic,Married,14421.0,SP,26,0
194,Graduation,Married,48006.0,SP,57,2
195,Graduation,Single,38808.0,SP,50,1
199,Master,Single,45183.0,CA,60,0
202,PhD,Widow,82032.0,IND,74,0
203,Master,Single,81169.0,SP,47,0
213,PhD,Single,23091.0,SP,59,2
217,Master,Single,64857.0,CA,66,0
221,Graduation,Married,48726.0,GER,67,1
231,Master,Together,28839.0,SP,66,2
232,Graduation,Single,61559.0,SP,57,1
234,Graduation,Divorced,15287.0,SP,43,1
236,Graduation,Married,34838.0,CA,71,2
238,2n Cycle,Together,67309.0,SP,55,2
241,Graduation,Together,83844.0,SP,70,0
246,Graduation,Married,66480.0,SP,57,2
247,Graduation,Married,36715.0,SP,51,1
252,PhD,Divorced,41003.0,SA,59,0
254,Graduation,Together,53863.0,SP,67,1
255,Graduation,Divorced,22263.0,SP,71,2
257,PhD,Married,75032.0,SP,63,1
263,PhD,Single,45576.0,SP,77,0
269,PhD,Single,46757.0,SP,59,1
271,Graduation,Widow,40590.0,CA,53,2
273,Master,Married,36138.0,GER,52,2
274,Graduation,Single,34853.0,GER,49,2
286,Graduation,Single,44213.0,SP,70,2
291,Graduation,Married,72940.0,SA,52,0
295,Graduation,Single,81217.0,SP,33,0
304,Master,Single,22944.0,SP,41,1
309,PhD,Together,63342.0,SA,61,1
310,Master,Married,61872.0,CA,52,1
313,Graduation,Widow,73455.0,SA,54,0
322,Graduation,Together,42554.0,AUS,44,2
326,Graduation,Married,51148.0,IND,49,2
332,Graduation,Married,47743.0,SP,65,1
339,PhD,Married,57091.0,SP,50,1
340,Graduation,Divorced,72967.0,GER,52,1
347,Graduation,Divorced,40780.0,CA,46,1
359,Graduation,Together,48070.0,SP,72,1
361,Master,Married,43142.0,AUS,53,2
367,2n Cycle,Married,36550.0,CA,44,1
368,Graduation,Married,40049.0,IND,48,1
375,Graduation,Divorced,76773.0,SP,68,0
378,Graduation,Married,52531.0,SP,51,0
380,Graduation,Divorced,64497.0,SA,68,1
387,Basic,Married,7500.0,US,46,0
405,Graduation,Divorced,41638.0,SP,58,1
425,Graduation,Married,55357.0,IND,37,2
433,Master,Alone,61331.0,CA,64,2
437,Master,Divorced,75012.0,AUS,46,0
448,PhD,Single,54880.0,SP,44,1
450,Master,Together,42315.0,US,64,1
451,Graduation,Single,9255.0,IND,33,1
453,PhD,Widow,35340.0,SP,66,2
454,Graduation,Together,69508.0,SA,42,1
455,PhD,Married,51012.0,SP,76,0
456,2n Cycle,Married,7500.0,SP,36,1
460,PhD,Married,79930.0,SA,50,0
466,Graduation,Married,65275.0,SP,78,0
477,Graduation,Married,83512.0,SP,36,0
486,Graduation,Married,84219.0,CA,34,0
492,PhD,YOLO,48432.0,CA,49,1
498,Graduation,Single,30015.0,SP,52,1
500,Graduation,Together,96876.0,SP,45,0
503,Master,Married,20559.0,AUS,37,1
520,Graduation,Married,34421.0,SP,48,1
521,Graduation,Together,54006.0,SP,37,1
523,Graduation,Married,37155.0,SP,33,1
524,Basic,Together,22634.0,AUS,56,0
528,Graduation,Married,65819.0,IND,44,0
531,PhD,Divorced,57333.0,SP,68,1
535,Graduation,Divorced,81361.0,GER,35,0
538,Graduation,Single,46107.0,SA,33,1
544,Graduation,Married,62820.0,SP,68,0
550,Graduation,Divorced,62335.0,SP,70,1
564,PhD,Together,56937.0,SP,41,1
569,Graduation,Single,90273.0,SP,31,0
574,Graduation,Married,42523.0,GER,58,0
577,2n Cycle,Together,26907.0,SP,46,2
590,Master,Divorced,78579.0,SP,52,0
591,Graduation,Widow,66033.0,IND,65,1
606,Graduation,Single,25930.0,SP,55,2
607,2n Cycle,Divorced,41769.0,IND,67,1
610,PhD,Together,53593.0,AUS,69,2
615,Graduation,Together,30507.0,SP,62,0
618,PhD,Married,69389.0,AUS,45,1
624,Master,Single,18890.0,SA,38,0
626,Graduation,Married,32871.0,US,71,2
635,Master,Married,57183.0,SP,56,2
640,Graduation,Married,57304.0,SP,71,1
641,Graduation,Single,52074.0,IND,55,1
642,Basic,Married,16005.0,CA,42,1
663,PhD,Single,33996.0,SP,33,0
675,Master,Divorced,52034.0,SP,49,2
679,PhD,Married,37633.0,SP,65,2
692,Graduation,Together,36807.0,IND,68,2
697,Graduation,Together,74918.0,SP,53,0
701,Graduation,Married,73691.0,SP,51,1
702,2n Cycle,Widow,47682.0,SP,47,1
709,Graduation,Divorced,51537.0,SA,70,1
713,Master,Married,50353.0,SP,45,0
716,PhD,Together,67911.0,SP,73,1
736,Graduation,Together,28427.0,IND,39,1
737,PhD,Married,80360.0,SP,73,0
738,2n Cycle,Single,42395.0,IND,41,2
749,Graduation,Together,42162.0,SP,41,1
760,PhD,Divorced,60554.0,SA,47,1
762,2n Cycle,Together,75774.0,SP,41,1
771,Graduation,Together,54178.0,GER,55,1
773,Master,Divorced,42835.0,IND,51,2
793,Graduation,Married,20895.0,AUS,49,1
796,2n Cycle,Divorced,60161.0,CA,57,1
798,Graduation,Single,23442.0,SP,35,1
800,Graduation,Together,44512.0,SA,62,2
803,Graduation,Together,40521.0,SP,54,2
807,Master,Together,44602.0,IND,53,2
810,Graduation,Married,74190.0,SP,47,1
819,Graduation,Widow,63285.0,SP,77,0
821,Master,Single,92859.0,CA,30,0
830,PhD,Single,74004.0,IND,35,0
832,PhD,Together,65814.0,SP,56,1
833,Master,Married,38452.0,SP,67,2
837,Graduation,Married,54809.0,SP,45,2
839,PhD,Married,45503.0,SP,47,1
843,Graduation,Married,64722.0,SP,51,1
849,Master,Together,56129.0,SP,69,1
850,Graduation,Single,70566.0,SP,54,1
851,Master,Married,57136.0,CA,50,2
868,Graduation,Married,44794.0,SA,56,1
873,Master,Married,62845.0,SP,73,2
879,Master,Married,49681.0,SA,46,2
880,Basic,Together,22634.0,SP,56,0
891,Master,Together,29298.0,SP,71,2
895,PhD,Married,61467.0,SP,74,2
898,Graduation,Married,23477.0,SP,36,1
902,Graduation,Together,62994.0,CA,42,1
905,Graduation,Divorced,21846.0,SA,36,1
907,Graduation,Married,46149.0,SP,47,1
916,PhD,Single,41644.0,SP,50,2
922,2n Cycle,Married,31086.0,GER,43,2
933,PhD,Married,37717.0,SP,44,1
938,Graduation,Married,40211.0,SP,41,2
940,Graduation,Single,57100.0,SA,35,1
942,Graduation,Single,39660.0,SP,40,1
944,Graduation,Married,56181.0,SP,60,1
945,Graduation,Together,36317.0,SP,57,1
946,2n Cycle,Together,26490.0,SP,64,0
948,Graduation,Single,10245.0,SP,51,1
954,Basic,Widow,22123.0,AUS,62,0
955,Master,Together,47175.0,SA,60,2
961,Graduation,Married,74716.0,SP,50,1
965,Graduation,Divorced,55635.0,US,51,1
966,Graduation,Married,44529.0,SP,56,1
967,Graduation,Married,46049.0,SP,46,2
968,Master,Divorced,41335.0,AUS,54,1
975,Graduation,Single,54252.0,AUS,66,2
977,Graduation,Together,47320.0,CA,65,1
979,Graduation,Single,33249.0,SP,47,1
983,Graduation,Married,40059.0,US,38,1
988,Graduation,Married,81168.0,SP,57,0
999,Graduation,Single,86037.0,CA,31,0
1000,Master,Together,74881.0,SP,61,2
1008,PhD,Together,44953.0,GER,41,0
1010,Graduation,Together,46931.0,SP,45,3
1012,Graduation,Single,61823.0,AUS,70,1
1016,PhD,Single,34554.0,CA,63,1
1020,Graduation,Married,79593.0,SP,49,0
1029,PhD,Together,64413.0,SP,52,1
1030,PhD,Single,40637.0,SA,57,2
1031,2n Cycle,Married,85710.0,IND,33,0
1041,PhD,Single,48432.0,SA,49,1
1044,Graduation,Together,58398.0,AUS,69,0
1045,Graduation,Together,52117.0,SP,57,1
1048,Master,Married,35641.0,SA,50,1
1050,Graduation,Married,28332.0,GER,70,0
1052,Graduation,Married,56796.0,AUS,53,1
1055,Master,Married,53204.0,GER,46,2
1064,PhD,Married,42403.0,SP,51,1
1065,Graduation,Single,80695.0,US,59,0
1071,PhD,Divorced,70179.0,US,46,1
1072,PhD,Single,40760.0,CA,57,1
1077,Graduation,Together,56715.0,SP,48,0
1079,PhD,Married,71969.0,IND,51,1
1081,PhD,Married,75283.0,SA,65,3
1087,Master,Together,22669.0,SP,47,1
1092,Graduation,Married,61014.0,IND,42,1
1100,Master,Together,41275.0,CA,62,3
1103,Master,Married,81929.0,AUS,46,1
1109,Master,Together,27590.0,SP,40,1
1118,Master,Married,50965.0,SP,66,1
1127,PhD,Married,85844.0,SP,49,0
1131,PhD,Single,52569.0,SA,55,1
1135,Master,Together,17144.0,CA,62,2
1137,Graduation,Single,81246.0,SP,58,0
1139,PhD,Married,73356.0,SP,38,0
1142,PhD,Married,55707.0,SP,69,1
1143,Graduation,Married,22063.0,CA,50,1
1146,Master,Together,49912.0,AUS,73,1
1150,PhD,Together,83532.0,SP,123,0
1158,Graduation,Divorced,48877.0,SP,56,1
1160,Graduation,Married,13260.0,SP,52,2
1162,PhD,Single,42000.0,SP,35,0
1165,PhD,Single,50729.0,SA,64,2
1168,PhD,Married,72159.0,SP,44,0
1170,Graduation,Married,27573.0,SP,47,1
1172,PhD,Married,92491.0,SP,39,0
1173,Master,Together,77632.0,SP,75,0
1175,Master,Married,36262.0,SP,39,0
1176,Graduation,Married,26228.0,SP,49,1
1177,Master,Together,49618.0,SP,56,2
1183,Master,Married,36408.0,GER,73,2
1184,PhD,Divorced,69674.0,SA,54,2
1204,PhD,Married,67536.0,SA,52,1
1212,Graduation,Married,52845.0,SP,49,1
1215,Graduation,Together,70440.0,SP,44,0
1225,Graduation,Married,80124.0,SA,59,0
1232,PhD,Together,70038.0,GER,40,0
1241,2n Cycle,Married,14796.0,GER,38,1
1245,Graduation,Single,63810.0,SP,56,1
1250,Graduation,Single,37697.0,SP,46,1
1272,Master,Single,55250.0,AUS,57,1
1277,Graduation,Together,78468.0,US,62,0
1291,PhD,Together,27683.0,SP,44,1
1307,Graduation,Divorced,41986.0,SP,44,1
1321,Graduation,Married,26067.0,CA,48,1
1324,Graduation,Married,38872.0,IND,34,1
1328,2n Cycle,Married,57937.0,SA,40,1
1331,Graduation,Single,35790.0,AUS,45,1
1340,Graduation,Married,92910.0,SP,36,0
1343,Graduation,Together,58554.0,US,54,2
1349,Graduation,Married,50447.0,IND,52,2
1351,Master,Together,58656.0,SP,66,1
1357,Graduation,Together,74854.0,GER,52,3
1361,Master,Married,82584.0,SP,48,0
1362,Graduation,Single,31907.0,GER,50,0
1371,Graduation,Single,79941.0,AUS,46,0
1377,Master,Widow,44551.0,SA,68,1
1378,2n Cycle,Together,50334.0,SA,50,1
1379,Master,Together,42670.0,SA,30,0
1381,PhD,Single,38513.0,SP,40,1
1384,Basic,Married,17256.0,US,30,1
1386,Graduation,Together,32474.0,AUS,55,2
1388,Graduation,Single,33249.0,AUS,47,1
1399,Graduation,Married,72905.0,SP,64,0
1402,Master,Married,66991.0,GER,68,0
1403,2n Cycle,Together,34984.0,SP,47,2
1404,Graduation,Together,34916.0,SA,54,2
1406,Graduation,Single,53201.0,SP,47,2
1407,Basic,Married,20425.0,GER,36,1
1409,Graduation,Together,40689.0,US,71,1
1411,Graduation,Divorced,82623.0,SP,70,0
1419,Graduation,Together,34026.0,SP,72,2
1440,2n Cycle,Together,52513.0,SP,44,0
1446,Master,Single,86424.0,SA,66,0
1448,Master,Married,33562.0,IND,59,3
1453,PhD,Widow,57513.0,SP,79,0
1456,Graduation,Single,60474.0,IND,43,1
1458,Master,Married,21059.0,SP,40,1
1459,PhD,Married,69063.0,SP,56,1
1461,PhD,Divorced,36921.0,CA,57,2
1463,Graduation,Single,45160.0,AUS,64,2
1473,2n Cycle,Single,47823.0,CA,62,1
1490,Graduation,Married,55759.0,CA,60,1
1491,2n Cycle,Together,71488.0,CA,57,0
1497,Graduation,Single,47958.0,SA,70,1
1501,PhD,Married,160803.0,US,40,0
1502,Graduation,Together,28427.0,SP,39,1
1503,PhD,Together,162397.0,SP,46,2
1506,Graduation,Single,42160.0,SP,47,2
1509,PhD,Together,84460.0,SP,64,0
1513,2n Cycle,Together,60839.0,SP,43,2
1515,Master,Together,34176.0,CA,47,1
1517,Graduation,Single,30822.0,SP,53,1
1518,Master,Married,62694.0,SP,57,2
1519,PhD,Single,38578.0,SP,50,2
1523,Graduation,Married,59041.0,SA,49,2
1524,2n Cycle,Single,81698.0,SP,39,0
1542,Graduation,Single,56243.0,US,47,3
1544,Master,Divorced,81380.0,CA,55,0
1545,Graduation,Married,38508.0,SP,36,1
1553,Graduation,Together,82657.0,GER,76,0
1570,PhD,Together,69702.0,SP,71,1
1577,Graduation,Married,78569.0,SP,76,0
1581,Graduation,Married,37406.0,SP,42,1
1584,Graduation,Married,41443.0,SA,45,1
1592,Graduation,Married,90765.0,CA,52,0
1600,Master,Married,56962.0,SA,57,3
1604,Master,Married,47353.0,SP,62,1
1606,Graduation,Together,38590.0,SA,51,1
1618,Graduation,Together,56046.0,GER,57,0
1619,Graduation,Married,90369.0,SP,66,0
1626,PhD,Divorced,35860.0,SA,49,2
1627,2n Cycle,Divorced,77297.0,SP,65,0
1628,Graduation,Together,71796.0,SA,51,0
1630,Graduation,Single,61825.0,SP,43,1
1631,PhD,Together,65220.0,GER,57,0
1640,Graduation,Divorced,64587.0,SP,68,2
1646,Basic,Married,25224.0,CA,50,1
1650,Master,Married,81843.0,SP,62,0
1655,Graduation,Together,34350.0,AUS,43,1
1663,PhD,Together,34043.0,SP,44,1
1665,PhD,Divorced,64140.0,SA,58,2
1672,PhD,Together,65640.0,SA,48,1
1676,Graduation,Married,43057.0,SP,47,1
1685,PhD,Together,62981.0,CA,55,0
1710,Graduation,Single,30168.0,SP,44,1
1715,Graduation,Together,25851.0,AUS,44,1
1717,Graduation,Single,39747.0,SA,34,1
1726,Graduation,Single,22585.0,SP,52,0
1729,PhD,Together,66426.0,SP,61,1
1734,PhD,Together,40706.0,SA,54,3
1740,Graduation,Married,55956.0,SP,78,0
1743,Graduation,Single,69719.0,SP,48,0
1744,Basic,Single,23529.0,SP,57,1
1745,PhD,Divorced,85696.0,SP,60,0
1755,2n Cycle,Together,45204.0,SA,34,1
1763,Graduation,Together,87679.0,CA,34,0
1764,Graduation,Single,33955.0,SA,47,1
1772,PhD,Married,79174.0,CA,47,0
1773,2n Cycle,Married,12393.0,SA,44,0
1777,Basic,Married,25965.0,SP,42,0
1802,Graduation,Married,64795.0,SP,51,1
1818,PhD,Together,29732.0,CA,51,1
1826,Graduation,Divorced,84835.0,SP,52,0
1829,PhD,Divorced,54959.0,SP,61,1
1833,PhD,Single,39190.0,SP,48,1
1834,Master,Single,35544.0,SA,44,1
1839,Graduation,Single,43322.0,IND,48,0
1857,Graduation,Single,47139.0,SP,70,2
1859,Master,Married,75251.0,GER,50,0
1867,Graduation,Single,64849.0,SP,65,0
1876,Graduation,Married,18929.0,IND,32,0
1878,2n Cycle,Married,23148.0,SP,37,0
1880,PhD,Together,53537.0,IND,63,2
1890,2n Cycle,Together,42033.0,SP,51,2
1891,Master,Divorced,78789.0,SP,42,0
1907,Master,Divorced,63120.0,SP,72,1
1911,Graduation,Together,67430.0,GER,35,0
1915,PhD,Married,78939.0,GER,71,0
1916,Master,Married,45736.0,GER,68,1
1920,Graduation,Married,40321.0,SP,50,2
1921,PhD,Married,59062.0,SP,55,3
1927,2n Cycle,Together,69401.0,GER,49,1
1928,Graduation,Married,31814.0,SA,49,1
1940,Graduation,Married,25252.0,AUS,36,1
1945,Graduation,Married,71434.0,SP,60,1
1951,Basic,Married,34445.0,SP,41,0
1958,PhD,Together,55012.0,SP,49,1
1964,Graduation,Together,86610.0,SP,71,0
1966,PhD,Married,84618.0,AUS,57,0
1968,Graduation,Widow,45684.0,SA,51,1
1970,Master,Together,34053.0,SP,54,1
1987,Basic,Single,21063.0,SP,35,1
1990,PhD,Single,63159.0,SP,48,0
1991,Graduation,Together,44931.0,SP,55,1
1992,Graduation,Married,60597.0,SP,58,1
1993,PhD,Married,58607.0,US,73,1
1998,Graduation,Single,37697.0,IND,46,1
2002,Graduation,Divorced,71964.0,SP,64,0
2004,Graduation,Single,72679.0,SP,53,1
2005,Graduation,Married,35765.0,CA,32,1
2008,Graduation,Married,77583.0,SA,44,0
2021,Graduation,Married,61456.0,SP,47,1
2036,PhD,Together,57906.0,IND,49,1
2055,PhD,Divorced,35860.0,SP,49,2
2061,Graduation,Married,50737.0,SP,67,1
2066,Graduation,Together,38823.0,SP,73,1
2072,PhD,Together,53374.0,CA,53,1
2075,Graduation,Married,72460.0,SA,53,0
2079,2n Cycle,Married,81044.0,US,75,0
2088,Graduation,Together,84906.0,GER,50,0
2098,PhD,Married,33581.0,SP,53,2
2106,2n Cycle,Married,20130.0,SP,48,0
2109,Graduation,Single,96843.0,SP,32,0
2114,PhD,Single,82800.0,US,76,0
2115,Graduation,Together,50116.0,GER,65,2
2118,2n Cycle,Married,62905.0,SP,58,1
2125,Graduation,Divorced,63033.0,US,63,0
2130,Graduation,Together,45203.0,SA,40,2
2131,PhD,Divorced,62859.0,SP,63,1
2134,Graduation,Single,53700.0,SA,70,1
2139,Master,Married,7500.0,AUS,47,1
2147,Graduation,Together,76653.0,SP,53,0
2150,PhD,Widow,80995.0,CA,64,1
2154,Graduation,Widow,30372.0,SP,51,2
2156,PhD,Married,22554.0,SP,67,2
2157,Graduation,Together,26290.0,CA,50,2
2162,Graduation,Married,56939.0,SP,46,1
2166,2n Cycle,Widow,46779.0,SA,62,2
2173,Graduation,Widow,40049.0,SP,70,1
2174,Graduation,Single,46344.0,US,68,2
2176,Graduation,Married,80134.0,SA,50,1
2181,Graduation,Married,70617.0,SP,52,0
2186,2n Cycle,Together,82326.0,SP,45,0
2202,Graduation,Together,41154.0,SP,44,1
2217,2n Cycle,Married,37284.0,IND,47,2
2223,2n Cycle,Divorced,64176.0,SP,57,1
2225,Graduation,Divorced,82582.0,AUS,45,0
2227,2n Cycle,Together,26490.0,SA,64,0
2230,PhD,Married,23626.0,GER,52,1
2245,Master,Married,43641.0,SP,53,2
2246,2n Cycle,Married,46891.0,SP,57,1
2253,Graduation,Married,18929.0,SP,32,0
2254,Graduation,Married,69520.0,AUS,39,0
2256,Master,Married,27159.0,SP,49,2
2258,Graduation,Married,32880.0,SP,36,1
2261,Graduation,Married,26304.0,GER,53,1
2262,Master,Together,45143.0,SA,57,1
2276,Graduation,Single,57959.0,SP,67,1
2278,2n Cycle,Single,33812.0,US,37,1
2281,Graduation,Single,33697.0,GER,52,1
2285,Master,Together,36634.0,SA,68,1
2286,Graduation,Single,50785.0,CA,60,2
2292,Graduation,Single,22327.0,SP,37,1
2295,PhD,Married,62670.0,SA,68,1
2296,Master,Married,37368.0,SP,47,1
2304,PhD,Together,66313.0,SA,59,1
2308,Graduation,Married,46734.0,SP,68,1
2315,Graduation,Divorced,58401.0,SP,62,1
2320,2n Cycle,Married,47025.0,SP,44,1
2324,Graduation,Together,77044.0,SP,50,1
2326,Graduation,Married,18929.0,SP,32,0
2337,Graduation,Divorced,29819.0,SP,51,1
2345,PhD,Together,70038.0,AUS,40,0
2350,Graduation,Married,59666.0,CA,50,2
2371,Graduation,Married,33622.0,GER,50,2
2375,Graduation,Together,30261.0,SP,50,3
2379,Graduation,Single,69267.0,SA,69,0
2387,Master,Together,43776.0,SA,70,2
2392,Graduation,Married,40321.0,SP,50,2
2404,Graduation,Married,53359.0,US,46,2
2406,Graduation,Together,54591.0,AUS,73,1
2407,Graduation,Married,69109.0,US,40,0
2408,Graduation,Married,58597.0,IND,46,2
2410,Graduation,Single,81657.0,SP,53,0
2415,Graduation,Together,62568.0,SP,60,1
2416,PhD,Single,66582.0,SP,53,0
2426,PhD,Divorced,78825.0,SP,58,0
2428,Graduation,Married,28164.0,GER,52,1
2429,Graduation,Divorced,72071.0,CA,68,1
2431,Graduation,Married,18222.0,SP,32,0
2445,PhD,Together,28440.0,SP,48,1
2447,Graduation,Together,30545.0,IND,43,1
2452,Graduation,Together,34600.0,SP,51,2
2453,Graduation,Together,62807.0,SP,62,1
2456,PhD,Married,40233.0,SA,47,1
2457,Basic,Married,30801.0,SP,47,1
2461,Master,Single,51124.0,CA,67,2
2471,Graduation,Married,61482.0,SA,57,0
2478,Graduation,Married,25410.0,SP,49,1
2488,2n Cycle,Divorced,31395.0,SP,66,2
2493,Graduation,Married,61286.0,GER,56,1
2495,Master,Married,83891.0,SP,48,1
2499,2n Cycle,Single,75342.0,SP,64,1
2516,2n Cycle,Married,46831.0,SP,53,2
2518,2n Cycle,Together,20491.0,GER,36,0
2521,Master,Married,35178.0,SP,51,1
2525,PhD,Married,38410.0,CA,48,0
2532,Master,Single,73454.0,SP,35,0
2534,Graduation,Married,37716.0,AUS,69,1
2535,Master,Married,88097.0,SP,44,1
2541,Graduation,Married,24027.0,SP,46,1
2544,Master,Divorced,57530.0,IND,71,1
2546,2n Cycle,Single,31878.0,SP,45,1
2549,PhD,Together,21840.0,SP,39,1
2552,PhD,Single,55521.0,SP,67,3
2557,Master,Single,29548.0,SP,52,1
2561,Graduation,Single,63810.0,GER,56,1
2563,Basic,Married,28249.0,IND,61,0
2564,Graduation,Together,61278.0,SP,69,1
2565,Master,Divorced,70638.0,SA,67,0
2569,Graduation,Married,17323.0,US,35,0
2570,Graduation,Together,56534.0,SP,54,1
2574,PhD,Married,61996.0,SP,45,1
2579,Graduation,Married,71113.0,SP,65,1
2587,PhD,Married,29791.0,AUS,50,1
2589,Graduation,Divorced,26759.0,AUS,50,1
2591,Graduation,Widow,76320.0,US,63,1
2607,Graduation,Single,40464.0,SP,69,1
2611,Master,Together,82576.0,SA,63,0
2612,Graduation,Married,75794.0,SA,35,0
2613,Master,Married,54197.0,SP,62,1
2620,PhD,Married,34596.0,SA,48,1
2625,2n Cycle,Single,42607.0,SA,68,1
2631,Graduation,Together,71853.0,SP,40,0
2632,Graduation,Married,50501.0,IND,68,2
2634,Master,Single,16653.0,SP,43,1
2639,Graduation,Single,43602.0,SA,56,2
2656,Graduation,Divorced,40851.0,CA,51,2
2661,Graduation,Single,18701.0,SA,58,2
2666,Master,Married,76234.0,CA,50,1
2669,Graduation,Single,74293.0,SP,29,0
2674,Master,Single,75154.0,US,64,1
2677,Graduation,Together,46097.0,SA,66,1
2678,Graduation,Single,34412.0,AUS,32,1
2681,2n Cycle,Married,65370.0,SP,38,0
2683,Graduation,Married,52413.0,CA,53,2
2686,Basic,Together,22390.0,AUS,53,0
2694,Graduation,Married,42664.0,SP,55,1
2698,Graduation,Single,47025.0,US,46,1
2711,Master,Together,30560.0,CA,46,1
2712,Graduation,Married,71866.0,AUS,66,1
2715,Master,Divorced,29435.0,CA,56,2
2724,Master,Single,36143.0,SP,41,1
2727,Graduation,Together,57100.0,SA,49,0
2730,Graduation,Single,80317.0,CA,67,0
2736,Graduation,Married,73807.0,IND,44,1
2740,PhD,Widow,33438.0,SP,64,2
2747,PhD,Married,67546.0,SP,34,0
2781,Graduation,Single,72066.0,SA,41,0
2782,PhD,Married,54456.0,SP,61,1
2793,PhD,Divorced,70179.0,SA,46,1
2795,Master,Single,30523.0,CA,64,3
2797,Graduation,Married,72117.0,SP,45,1
2798,PhD,Together,102160.0,SA,45,0
2802,2n Cycle,Married,87000.0,AUS,30,0
2804,Master,Single,46098.0,IND,47,2
2807,Graduation,Married,56796.0,SP,53,1
2811,PhD,Single,48918.0,SP,59,2
2814,Master,Together,30560.0,SA,46,1
2815,Graduation,Married,33183.0,SP,47,1
2826,Graduation,Married,22574.0,SP,55,3
2829,Graduation,Married,65210.0,CA,67,1
2831,Graduation,Together,78416.0,SP,46,1
2836,PhD,Married,43269.0,GER,50,1
2849,Graduation,Single,60474.0,CA,43,1
2853,Graduation,Single,51766.0,CA,42,1
2861,Graduation,Single,24072.0,SP,39,1
2868,PhD,Single,26518.0,US,73,2
2870,Graduation,Married,49094.0,SP,49,1
2874,2n Cycle,Divorced,35388.0,SA,34,1
2875,Graduation,Married,67023.0,SP,44,0
2877,Master,Together,46014.0,SA,48,2
2878,PhD,Married,67472.0,SP,75,1
2882,2n Cycle,Divorced,67893.0,SA,47,1
2886,Master,Divorced,74290.0,SP,51,1
2891,Graduation,Divorced,68118.0,US,59,1
2894,Graduation,Single,72903.0,SP,37,0
2895,Graduation,Single,49980.0,IND,59,1
2909,PhD,Married,78128.0,GER,48,1
2918,Graduation,Divorced,28510.0,SP,41,2
2920,PhD,Single,52614.0,ME,47,1
2926,Master,Together,55951.0,SA,70,1
2928,PhD,Single,52614.0,SP,47,1
2929,Graduation,Single,20180.0,SP,46,0
2930,Master,Single,68092.0,SA,44,0
2931,Graduation,Divorced,71847.0,SP,44,0
2936,Master,Together,23661.0,SA,40,1
2937,PhD,Single,68352.0,CA,48,1
2939,Master,Together,79419.0,CA,52,0
2942,Graduation,Single,45906.0,SP,58,1
2945,PhD,Together,46015.0,CA,67,2
2948,Master,Divorced,62637.0,CA,68,1
2952,Master,Single,36273.0,SP,45,1
2958,Graduation,Married,28442.0,SP,44,2
2961,Graduation,Married,42081.0,SP,40,1
2963,Graduation,Together,75507.0,AUS,43,0
2964,Graduation,Married,26872.0,CA,41,0
2968,PhD,Divorced,48948.0,AUS,79,0
2975,Graduation,Together,85606.0,SP,46,1
2980,Master,Single,8820.0,CA,70,2
2986,Graduation,Married,30772.0,CA,46,2
2995,Master,Together,66636.0,SP,65,0
3005,Graduation,Single,83528.0,SP,30,0
3006,Graduation,Divorced,30992.0,CA,46,1
3007,Graduation,Together,37758.0,IND,56,2
3009,PhD,Widow,71670.0,SP,60,0
3010,Master,Together,88420.0,SP,33,0
3011,Graduation,Married,69139.0,SA,57,1
3025,Graduation,Single,49967.0,CA,64,1
3032,Graduation,Married,24570.0,SP,38,1
3033,Master,Together,38620.0,AUS,59,0
3037,PhD,Married,50150.0,CA,39,0
3050,Graduation,Married,54198.0,SP,56,2
3056,Graduation,Divorced,63693.0,SA,44,1
3066,PhD,Together,61905.0,SA,47,1
3068,Graduation,Married,18351.0,SP,32,0
3074,PhD,Married,70643.0,SP,38,0
3075,PhD,Married,59973.0,SP,50,0
3076,Graduation,Together,66653.0,AUS,47,2
3081,PhD,Married,41014.0,SP,44,1
3083,Graduation,Married,45837.0,SP,48,2
3091,2n Cycle,Together,75774.0,SA,41,1
3099,Graduation,Divorced,44267.0,SP,52,2
3102,2n Cycle,Together,19414.0,CA,41,1
3104,Graduation,Single,82332.0,GER,61,0
3107,Graduation,Together,71322.0,AUS,46,1
3112,Master,Married,22701.0,SP,45,1
3120,Graduation,Together,38547.0,CA,41,1
3129,Graduation,Married,30096.0,SP,39,1
3130,Graduation,Single,18701.0,SP,58,2
3136,Master,Divorced,59432.0,SP,60,1
3138,Graduation,Single,91249.0,SP,66,0
3139,2n Cycle,Single,74116.0,SA,40,0
3152,Graduation,Together,26091.0,IND,65,2
3153,PhD,Single,40737.0,SA,65,3
3158,Graduation,Married,32300.0,SP,49,1
3170,Master,Together,68148.0,SP,65,0
3174,Graduation,Together,87771.0,SP,63,1
3179,Graduation,Single,81741.0,SP,42,0
3182,PhD,Single,46854.0,IND,49,2
3194,PhD,Single,71466.0,CA,48,0
3197,Graduation,Married,77353.0,SP,42,1
3202,PhD,Married,51563.0,SA,35,0
3220,Graduation,Married,39922.0,GER,39,1
3225,Master,Married,42207.0,SP,38,1
3231,Graduation,Married,37971.0,US,49,1
3233,PhD,Married,62745.0,SA,57,1
3254,Graduation,Married,70886.0,SP,51,1
3262,Graduation,Single,68281.0,SP,64,0
3265,Graduation,Married,35701.0,SP,63,0
3266,Graduation,Married,42523.0,CA,58,0
3267,Master,Together,57288.0,CA,59,1
3270,2n Cycle,Together,17117.0,SA,44,1
3276,2n Cycle,Together,36301.0,SA,46,1
3277,Graduation,Divorced,49431.0,SP,67,1
3281,PhD,Married,49154.0,SP,62,2
3283,2n Cycle,Married,70932.0,SP,50,1
3286,PhD,Divorced,26642.0,SP,55,1
3298,Master,Married,52973.0,SA,66,1
3308,Graduation,Married,35704.0,SA,70,2
3310,2n Cycle,Married,35688.0,SP,49,3
3312,Graduation,Single,34176.0,IND,34,1
3321,PhD,Together,56575.0,CA,55,2
3332,Graduation,Single,29760.0,GER,37,1
3334,Graduation,Married,94642.0,SP,71,0
3336,PhD,Together,66375.0,AUS,74,1
3340,Graduation,Married,42014.0,CA,45,1
3363,2n Cycle,Married,20130.0,SP,48,0
3376,Master,Divorced,55282.0,SP,52,1
3381,Master,Married,54348.0,CA,69,2
3386,Graduation,Married,34935.0,SP,30,0
3388,Graduation,Divorced,70844.0,GER,55,2
3389,Graduation,Married,69016.0,SP,52,1
3403,PhD,Together,78952.0,SP,64,1
3406,Graduation,Single,45989.0,SA,58,1
3409,Graduation,Single,36108.0,SA,38,1
3412,Master,Married,67381.0,SP,71,1
3421,Master,Divorced,63841.0,AUS,54,1
3422,Graduation,Married,76068.0,GER,47,1
3426,Graduation,Divorced,70300.0,SP,47,1
3427,PhD,Married,59821.0,SA,67,1
3428,PhD,Together,68682.0,SP,31,0
3433,2n Cycle,Married,72635.0,SP,67,0
3434,Graduation,Single,80872.0,SP,71,0
3436,Graduation,Married,14045.0,SP,53,1
3439,Graduation,Married,56721.0,SP,50,2
3445,Graduation,Single,60714.0,SA,66,0
3463,PhD,Married,69283.0,IND,47,1
3469,PhD,Divorced,34487.0,SP,45,2
3478,PhD,Married,60585.0,CA,51,2
3479,Graduation,Single,16813.0,CA,72,0
3483,Graduation,Married,48192.0,CA,64,0
3491,Graduation,Together,55914.0,US,47,1
3498,PhD,Married,55424.0,SP,46,1
3503,Graduation,Divorced,82460.0,SA,72,0
3507,Graduation,Single,76467.0,US,52,1
3515,Graduation,Single,62307.0,SP,70,1
3517,Graduation,Single,40887.0,SP,70,2
3518,Graduation,Married,25271.0,IND,39,1
3520,Master,Single,91172.0,CA,32,0
3523,Graduation,Together,75072.0,SP,60,1
3524,Master,Single,39763.0,SP,51,1
3525,Graduation,Together,38200.0,SP,52,2
3526,PhD,Married,38443.0,SP,54,2
3535,Graduation,Single,66294.0,SP,57,0
3536,Graduation,Together,19740.0,IND,62,1
3537,Graduation,Together,31089.0,SP,41,1
3547,Master,Together,41021.0,SA,53,1
3551,Master,Together,60033.0,SP,68,1
3559,2n Cycle,Married,16248.0,IND,34,1
3560,Graduation,Together,83844.0,GER,70,0
3565,Master,Married,38452.0,SP,67,2
3570,PhD,Together,42731.0,SA,53,1
3571,PhD,Together,63342.0,SP,61,1
3578,Graduation,Divorced,49160.0,SP,73,1
3584,PhD,Single,49667.0,CA,67,0
3594,Master,Married,54108.0,CA,49,2
3595,Graduation,Together,77226.0,SP,59,1
3598,Graduation,Married,62710.0,SP,50,1
3599,Graduation,Married,63684.0,SP,52,1
3602,Master,Married,51412.0,SP,64,1
3619,2n Cycle,Divorced,87305.0,AUS,62,0
3623,Graduation,Together,21675.0,IND,46,1
3628,Basic,Single,15038.0,SP,35,1
3629,Graduation,Single,38557.0,CA,44,1
3635,PhD,Single,52597.0,SA,60,1
3641,Graduation,Married,13624.0,SP,46,1
3643,Master,Married,63206.0,CA,48,0
3645,PhD,Single,27213.0,SP,50,1
3657,Graduation,Single,39146.0,SP,36,1
3661,2n Cycle,Single,80617.0,IND,27,0
3665,2n Cycle,Together,25315.0,SP,45,1
3667,Graduation,Married,80952.0,GER,53,0
3673,Graduation,Single,55239.0,SA,51,1
3678,Graduation,Widow,60208.0,SP,49,2
3690,Master,Married,80141.0,SP,36,0
3696,Graduation,Divorced,30630.0,SP,57,2
3697,Graduation,Together,39898.0,CA,68,1
3698,Graduation,Together,78687.0,SP,39,0
3706,Graduation,Single,28647.0,SP,44,1
3710,PhD,Single,39684.0,SP,38,1
3711,Master,Married,80184.0,SP,78,0
3712,Graduation,Divorced,52332.0,IND,63,0
3717,Graduation,Married,61180.0,SP,63,1
3722,Graduation,Single,44503.0,SP,50,2
3725,PhD,Single,84865.0,SP,61,0
3726,PhD,Together,34320.0,SA,36,1
3732,Master,Married,52750.0,CA,67,1
3745,2n Cycle,Married,23331.0,IND,34,1
3749,Graduation,Together,73926.0,CA,49,0
3759,Graduation,Together,65196.0,SP,64,2
3762,PhD,Single,69867.0,SA,36,0
3766,Master,Widow,33051.0,SP,63,0
3767,Graduation,Married,61314.0,SP,54,1
3783,PhD,Married,52854.0,SA,63,2
3790,Graduation,Together,34633.0,SA,66,3
3798,Graduation,Married,41120.0,SP,54,2
3799,Graduation,Married,67225.0,US,67,1
3807,Graduation,Together,59925.0,SP,67,1
3828,Graduation,Married,71107.0,SP,71,1
3829,Basic,Together,24594.0,SA,43,1
3830,Master,Married,59354.0,CA,69,2
3834,Graduation,Single,69627.0,US,60,1
3839,Basic,Single,15056.0,SP,64,2
3846,Graduation,Married,42557.0,SP,48,1
3850,Basic,Together,14918.0,IND,59,1
3852,Master,Together,74881.0,IND,61,2
3855,Graduation,Married,22419.0,CA,59,0
3856,Graduation,Together,63381.0,SP,62,1
3859,PhD,Together,73059.0,SA,75,1
3865,2n Cycle,Together,20981.0,CA,45,0
3867,PhD,Together,73059.0,SP,75,1
3870,2n Cycle,Together,63855.0,GER,44,0
3878,2n Cycle,Single,31859.0,SP,42,1
3885,PhD,Married,33569.0,SP,39,1
3887,Graduation,Single,27242.0,IND,52,1
3896,Graduation,Married,27255.0,SP,38,1
3900,Graduation,Married,65685.0,CA,50,1
3910,Graduation,Divorced,83829.0,SP,47,0
3916,PhD,Together,49269.0,SP,51,1
3919,Master,Single,72309.0,CA,46,0
3921,2n Cycle,Widow,28457.0,SP,70,0
3924,PhD,Divorced,57912.0,SA,57,1
3933,Graduation,Together,44010.0,SA,42,1
3934,Graduation,Married,61286.0,IND,56,1
3945,PhD,Widow,68117.0,SP,75,1
3955,Graduation,Divorced,4861.0,SA,57,0
3967,PhD,Married,78931.0,CA,51,0
3968,2n Cycle,Divorced,65706.0,CA,52,0
3969,Master,Together,43018.0,GER,48,1
3972,Graduation,Together,50200.0,SP,46,2
3979,PhD,Divorced,90687.0,SP,39,0
4001,PhD,Together,64014.0,SA,76,3
4002,PhD,Married,77037.0,SP,62,1
4012,PhD,Together,62220.0,GER,50,1
4023,Graduation,Married,22979.0,SP,52,1
4037,Graduation,Divorced,31859.0,SA,46,1
4042,Graduation,Divorced,43300.0,CA,51,1
4047,PhD,Married,65324.0,US,68,1
4050,Master,Married,49605.0,CA,56,0
4055,Basic,Single,18746.0,SP,30,1
4058,PhD,Single,61284.0,SP,67,0
4065,PhD,Married,49544.0,SP,46,1
4066,2n Cycle,Divorced,21282.0,SP,44,1
4070,PhD,Married,94871.0,CA,53,2
4073,2n Cycle,Married,63564.0,GER,68,0
4084,Graduation,Together,60934.0,CA,47,1
4086,Graduation,Married,18690.0,GER,63,0
4088,PhD,Together,31497.0,SP,60,1
4093,Master,Together,53253.0,CA,47,2
4094,Graduation,Married,60544.0,AUS,61,2
4095,Graduation,Married,37150.0,US,51,1
4096,Master,Divorced,41335.0,US,54,1
4098,Graduation,Married,24639.0,AUS,49,2
4099,Graduation,Married,30675.0,SP,50,1
4102,2n Cycle,Married,37284.0,SP,47,2
4107,PhD,Together,46681.0,SP,74,2
4114,Master,Married,79143.0,AUS,58,0
4119,Master,Together,38620.0,GER,59,0
4120,2n Cycle,Single,49514.0,IND,47,1
4122,Graduation,Married,79205.0,SP,47,0
4127,PhD,Married,77766.0,SP,55,1
4128,PhD,Together,56067.0,SA,60,1
4136,Basic,Single,7500.0,SP,30,1
4137,Graduation,Together,70666.0,AUS,74,0
4138,Graduation,Single,76624.0,SP,60,1
4141,Graduation,Together,71613.0,US,57,0
4148,Graduation,Married,38988.0,SP,50,3
4149,PhD,Together,76140.0,SP,74,0
4168,Graduation,Single,37070.0,SP,56,2
4174,Master,Together,55249.0,SP,66,1
4179,Graduation,Together,24221.0,SP,63,0
4184,PhD,Together,52157.0,SP,72,1
4186,Graduation,Together,34026.0,CA,72,2
4188,Graduation,Single,36864.0,AUS,65,1
4198,Graduation,Together,29672.0,SP,57,2
4200,Master,Married,44159.0,SA,52,1
4201,Graduation,Single,57967.0,IND,60,1
4207,PhD,Married,87171.0,SP,41,0
4211,Basic,Married,20425.0,CA,36,1
4216,Graduation,Single,91065.0,SP,41,0
4220,PhD,Married,59892.0,CA,52,1
4227,Master,Together,32889.0,SP,54,2
4240,Graduation,Married,17345.0,SP,44,1
4246,Master,Single,6560.0,SP,40,0
4248,Master,Single,98777.0,SP,62,0
4252,Graduation,Married,44375.0,SP,57,1
4259,Master,Single,19485.0,IND,36,2
4261,PhD,Single,82800.0,SA,76,0
4268,Graduation,Married,53154.0,US,63,1
4271,2n Cycle,Together,38683.0,IND,33,1
4278,PhD,Single,87188.0,IND,39,0
4279,2n Cycle,Single,39548.0,SP,59,2
4286,PhD,Single,57642.0,IND,52,1
4290,Graduation,Married,30467.0,CA,50,1
4297,Graduation,Together,23228.0,IND,53,1
4298,PhD,Together,20427.0,SP,49,1
4299,Graduation,Together,70971.0,SP,62,1
4301,Master,Married,35178.0,AUS,51,1
4303,PhD,Together,6835.0,CA,65,1
4310,Graduation,Married,80589.0,AUS,78,0
4320,Graduation,Single,60152.0,SP,43,1
4322,PhD,Together,77863.0,SP,64,0
4324,Graduation,Married,42387.0,SP,33,1
4328,2n Cycle,Married,21955.0,SP,36,1
4329,PhD,Married,18988.0,AUS,38,1
4331,Master,Together,85738.0,SP,44,0
4333,Graduation,Together,32144.0,IND,68,2
4338,Graduation,Single,39062.0,SP,39,1
4339,PhD,Married,67353.0,AUS,52,1
4351,Graduation,Divorced,37244.0,SP,67,2
4356,Graduation,Together,71819.0,SP,51,1
4368,Graduation,Married,47850.0,SP,42,1
4369,Master,Absurd,65487.0,CA,65,0
4370,Graduation,Together,43482.0,IND,56,3
4376,2n Cycle,Single,32218.0,SP,62,0
4377,Graduation,Married,52914.0,CA,51,1
4381,PhD,Married,46463.0,SP,51,2
4385,PhD,Single,36038.0,SP,41,1
4390,Graduation,Together,75315.0,SA,68,1
4391,Master,Divorced,63841.0,SA,54,1
4394,PhD,Married,81051.0,SP,57,0
4399,Graduation,Together,68695.0,CA,53,0
4405,Master,Married,63915.0,AUS,66,2
4406,Graduation,Together,67419.0,CA,52,1
4415,Graduation,Married,16860.0,SP,61,2
4418,Master,Single,89616.0,CA,39,0
4426,Graduation,Single,55801.0,US,47,2
4427,2n Cycle,Single,83257.0,SP,27,0
4432,Graduation,Divorced,31615.0,SP,46,1
4436,Graduation,Single,20180.0,SP,46,0
4437,Graduation,Married,65316.0,SP,60,2
4440,Master,Married,64100.0,SA,58,1
4442,Graduation,Single,46524.0,CA,61,1
4444,Graduation,Married,30023.0,SP,50,1
4452,Graduation,Single,50388.0,GER,65,1
4459,Graduation,Single,30279.0,SP,33,1
4470,Master,Married,58646.0,SP,60,1
4472,PhD,Divorced,35682.0,AUS,52,1
4475,PhD,Married,69098.0,SP,73,0
4477,Graduation,Together,69096.0,GER,64,1
4478,Graduation,Married,63777.0,IND,43,2
4480,Master,Married,60432.0,SA,49,1
4483,Graduation,Single,72354.0,SA,29,0
4487,Master,Single,39858.0,SA,53,1
4491,Master,Married,62845.0,SP,73,2
4500,PhD,Together,68682.0,SP,31,0
4501,Master,Single,69882.0,SP,57,0
4507,Graduation,Single,72228.0,SP,70,0
4508,Graduation,Single,75127.0,GER,70,0
4518,Graduation,Together,85693.0,CA,43,1
4530,Master,Widow,78427.0,GER,74,0
4541,Graduation,Together,38946.0,CA,67,1
4543,Graduation,Married,82497.0,SA,42,0
4547,Graduation,Together,13672.0,SP,62,2
4548,Graduation,Single,41967.0,CA,41,2
4550,Master,Together,33564.0,SP,56,1
4552,Graduation,Married,51373.0,SP,31,0
4554,Graduation,Together,47009.0,SP,57,1
4557,Graduation,Together,22070.0,SA,52,1
4580,Graduation,Married,75759.0,SA,53,0
4587,Master,Widow,45006.0,SP,78,0
4597,PhD,Together,82072.0,SA,52,0
4599,Master,Married,49681.0,CA,46,2
4603,PhD,Married,65695.0,SP,62,1
4607,Graduation,Together,71367.0,SP,63,0
4608,Graduation,Divorced,81361.0,SA,35,0
4609,PhD,Married,57705.0,SP,56,1
4611,Graduation,Together,105471.0,SP,52,0
4619,PhD,Single,113734.0,SP,77,0
4637,PhD,Single,74637.0,SA,68,0
4640,Graduation,Divorced,70647.0,SA,55,1
4643,Graduation,Married,27803.0,AUS,49,1
4646,2n Cycle,Married,78497.0,CA,71,0
4653,Graduation,Together,42011.0,SA,44,1
4654,Graduation,Together,75114.0,SA,30,0
4656,2n Cycle,Single,51250.0,SA,32,1
4669,Basic,Married,24480.0,SA,41,1
4673,PhD,Married,81300.0,SP,59,1
4676,Master,Widow,73705.0,SP,71,2
4679,Master,Married,78710.0,SP,45,1
4682,Graduation,Married,51876.0,GER,64,0
4686,PhD,Widow,82571.0,SP,60,0
4687,Master,Married,80739.0,SP,64,0
4690,Graduation,Married,50725.0,CA,69,1
4692,Graduation,Married,7500.0,AUS,46,1
4697,Master,Divorced,35416.0,SA,73,0
4698,PhD,Married,50150.0,SP,39,0
4702,Graduation,Single,61839.0,SP,58,0
4706,Graduation,Single,34704.0,CA,56,1
4712,2n Cycle,Together,20193.0,SP,31,0
4713,PhD,Married,31605.0,SP,43,1
4725,PhD,Together,50616.0,SP,72,1
4741,2n Cycle,Married,65463.0,SP,48,1
4743,PhD,Married,56242.0,US,53,1
4749,Graduation,Together,58554.0,IND,54,2
4754,Master,Married,33585.0,SP,56,1
4756,2n Cycle,Divorced,63998.0,SP,70,0
4764,Master,Together,40442.0,SA,70,2
4767,2n Cycle,Married,70924.0,SP,57,0
4769,Master,Together,57954.0,SP,45,2
4785,PhD,Together,77622.0,SA,52,2
4786,Graduation,Married,75330.0,US,45,2
4789,Graduation,Together,80812.0,IND,69,0
4790,Graduation,Divorced,79803.0,SP,64,1
4791,Graduation,Together,44964.0,AUS,42,2
4796,Graduation,Divorced,49638.0,SP,70,1
4808,Graduation,Married,15759.0,SP,66,0
4817,Graduation,Divorced,22304.0,SP,66,0
4827,PhD,Single,54998.0,SP,66,1
4828,Graduation,Divorced,79865.0,SA,68,1
4832,Graduation,Married,27244.0,SP,43,1
4837,PhD,Married,71322.0,SP,57,1
4838,Graduation,Together,22775.0,IND,44,1
4843,Graduation,Single,75127.0,SA,70,0
4855,PhD,Together,30351.0,US,48,1
4856,2n Cycle,Married,82347.0,IND,65,0
4860,Graduation,Single,24206.0,SP,52,1
4864,Graduation,Married,34380.0,CA,45,1
4865,Master,Divorced,53367.0,AUS,48,2
4867,PhD,Single,38236.0,SP,54,2
4877,Master,Married,38576.0,IND,49,1
4887,PhD,Divorced,55412.0,CA,46,2
4910,Graduation,Divorced,68743.0,US,55,0
4915,2n Cycle,Married,53230.0,GER,66,1
4927,Graduation,Together,16626.0,SA,51,2
4931,Graduation,Together,157146.0,SA,45,0
4937,2n Cycle,Married,46094.0,SP,49,2
4939,Graduation,Together,37760.0,US,76,0
4943,Graduation,Married,70503.0,SP,69,0
4944,Graduation,Together,71367.0,SP,63,0
4945,Graduation,Widow,53653.0,SP,69,0
4947,2n Cycle,Single,89572.0,SP,56,0
4954,Graduation,Married,48195.0,SP,66,2
4961,Master,Together,21255.0,SP,48,1
4964,PhD,Together,74250.0,CA,64,0
4967,PhD,Together,38201.0,SA,62,1
4971,PhD,Together,31497.0,SA,60,1
4973,Graduation,Single,20587.0,CA,52,1
4974,Graduation,Single,83273.0,US,52,3
4988,PhD,Married,34469.0,SA,74,2
4990,Graduation,Married,59111.0,AUS,68,0
4992,Master,Together,17459.0,SP,47,1
4994,Master,Single,77598.0,SP,79,0
4998,Graduation,Together,76081.0,SP,60,0
5010,Graduation,Single,25008.0,SP,34,1
5011,Graduation,Divorced,68118.0,SP,59,1
5012,Graduation,Married,28691.0,SP,33,1
5015,Master,Married,34529.0,SP,46,1
5025,Graduation,Single,48526.0,SP,43,1
5029,Graduation,Married,18100.0,SP,76,0
5031,Graduation,Together,83145.0,SP,48,0
5036,PhD,Single,42710.0,SP,38,1
5043,Basic,Married,26997.0,SP,71,0
5046,Graduation,Divorced,78331.0,SA,64,1
5048,PhD,Single,42767.0,SA,51,2
5049,PhD,Together,30351.0,SP,48,1
5057,Master,Married,61794.0,SP,61,1
5062,PhD,Married,54072.0,SA,59,2
5063,Graduation,Single,28769.0,SP,45,1
5067,Graduation,Together,80134.0,SP,28,0
5068,Graduation,Single,22804.0,SP,51,1
5074,Master,Married,28072.0,CA,36,1
5077,Graduation,Together,77298.0,CA,43,1
5080,Graduation,Single,70515.0,ME,29,0
5081,2n Cycle,Together,47821.0,SP,55,2
5084,Graduation,Widow,58330.0,SP,47,1
5092,PhD,Widow,51569.0,SP,73,1
5093,PhD,Divorced,25509.0,SP,48,1
5107,PhD,Divorced,35860.0,SP,49,2
5113,PhD,Divorced,86979.0,SP,51,0
5114,Master,Married,74806.0,AUS,57,1
5117,2n Cycle,Married,32632.0,SP,59,0
5120,2n Cycle,Together,66664.0,SA,40,0
5121,Graduation,Single,56628.0,CA,45,1
5123,Master,Married,27450.0,SP,71,0
5125,Graduation,Married,79530.0,SP,62,0
5136,Graduation,Single,65333.0,CA,49,1
5138,Graduation,Together,28320.0,SP,72,1
5140,PhD,Married,64355.0,SP,37,1
5147,Graduation,Single,90842.0,SP,74,0
5150,Basic,Single,20194.0,SP,43,1
5153,PhD,Married,77766.0,SP,55,1
5154,Master,Divorced,37760.0,SP,50,1
5156,2n Cycle,Married,62466.0,SP,52,1
5172,Master,Together,65104.0,SP,46,1
5176,Graduation,Together,29604.0,SA,34,1
5177,Master,Married,58494.0,SA,48,1
5180,PhD,Divorced,50616.0,SP,54,1
5181,Basic,Single,24367.0,SP,40,1
5184,Graduation,Single,34824.0,SP,27,0
5185,Graduation,Married,74268.0,SA,67,0
5186,PhD,Married,58482.0,CA,67,1
5204,Graduation,Together,74538.0,SP,51,0
5207,PhD,Married,53378.0,SP,59,2
5209,Graduation,Divorced,50002.0,SA,68,1
5221,Graduation,Married,52852.0,GER,65,1
5223,Master,Together,45903.0,SA,56,1
5229,PhD,Together,54132.0,GER,53,1
5231,2n Cycle,Married,45894.0,SP,48,2
5232,Graduation,Married,69139.0,SP,57,1
5234,2n Cycle,Together,30753.0,CA,55,2
5236,Graduation,Together,77568.0,SP,43,1
5237,PhD,Single,48767.0,AUS,72,3
5247,PhD,Married,38725.0,SP,67,2
5252,Graduation,Divorced,23910.0,SP,53,1
5253,Master,Together,54603.0,SP,66,2
5263,2n Cycle,Married,31056.0,SP,45,1
5267,Graduation,Divorced,33986.0,SP,52,1
5268,Graduation,Married,29440.0,GER,62,2
5272,Master,Married,53843.0,SA,57,1
5278,Graduation,Married,82224.0,GER,58,0
5283,PhD,Single,42473.0,SP,46,2
5286,Master,Single,41020.0,CA,35,0
5287,Graduation,Married,34961.0,SP,49,1
5289,2n Cycle,Single,41658.0,AUS,47,2
5290,PhD,Married,41551.0,CA,58,2
5294,Graduation,Single,18358.0,SP,33,1
5299,PhD,Married,69084.0,SP,52,1
5300,Master,Married,38961.0,SP,49,1
5302,Graduation,Together,78394.0,SP,36,0
5303,PhD,Together,79632.0,SA,48,0
5304,PhD,Single,30899.0,SA,48,1
5313,Master,Married,38196.0,SP,51,2
5314,Graduation,Together,40689.0,SP,71,1
5316,Master,Together,21024.0,SP,46,0
5320,Master,Divorced,44051.0,SA,49,2
5324,PhD,Married,58293.0,US,41,1
5329,PhD,Divorced,35946.0,AUS,73,2
5331,Graduation,Married,74985.0,GER,45,0
5332,2n Cycle,Married,82504.0,IND,62,0
5336,Master,Together,157733.0,SP,51,1
5341,2n Cycle,Divorced,81975.0,SA,60,1
5342,Basic,Divorced,9548.0,CA,46,1
5346,2n Cycle,Married,23559.0,GER,49,1
5350,Master,Single,90638.0,SA,31,0
5370,PhD,Married,32644.0,SP,49,1
5371,Graduation,Single,21474.0,SP,33,1
5376,Graduation,Married,2447.0,US,43,1
5386,Graduation,Together,94384.0,SA,69,0
5389,Graduation,Married,48920.0,SP,58,2
5393,Graduation,Single,23763.0,SP,45,1
5394,Basic,Single,16014.0,SP,43,2
5396,Graduation,Married,68487.0,AUS,34,0
5407,Graduation,Together,53103.0,SA,68,1
5423,Graduation,Together,28359.0,SA,39,1
5424,Graduation,Married,39922.0,SA,39,1
5429,PhD,Married,45579.0,SP,74,1
5430,Graduation,Together,54450.0,SP,66,2
5441,PhD,Widow,54111.0,SP,57,1
5453,Master,Married,90226.0,SA,66,0
5454,Master,Married,45057.0,US,43,1
5455,PhD,Married,32011.0,SP,51,1
5462,Graduation,Married,67445.0,IND,48,1
5474,Graduation,Single,43020.0,US,52,1
5491,Master,Together,47352.0,AUS,71,1
5493,Graduation,Married,39356.0,SP,46,2
5510,Master,Married,43263.0,SP,45,1
5512,Master,Married,55842.0,SP,45,1
5513,Graduation,Together,37758.0,SP,56,2
5517,Graduation,Married,25293.0,AUS,53,1
5519,Graduation,Together,64090.0,SA,66,1
5524,Graduation,Single,58138.0,US,65,0
5527,Graduation,Together,22434.0,SP,35,1
5529,PhD,Together,64014.0,CA,76,3
5534,Master,Married,47808.0,SP,47,1
5536,Graduation,Together,87771.0,CA,63,1
5538,Graduation,Divorced,83829.0,SP,47,0
5543,Graduation,Together,57811.0,SP,56,1
5544,Graduation,Single,67384.0,SP,52,1
5545,PhD,Married,78075.0,SP,50,0
5547,PhD,Married,84169.0,SP,40,0
5552,Master,Divorced,48721.0,SA,59,2
5555,Graduation,Divorced,153924.0,SP,47,0
5558,PhD,Single,90933.0,SP,68,0
5562,Graduation,Married,60093.0,SP,48,1
5564,Graduation,Together,62882.0,AUS,53,1
5577,Graduation,Together,43776.0,SP,39,1
5585,Graduation,Single,21359.0,CA,50,1
5589,Graduation,Divorced,51983.0,IND,58,1
5596,2n Cycle,Together,58821.0,SA,66,1
5602,PhD,Together,66973.0,IND,33,0
5610,Graduation,Together,33456.0,IND,57,2
5621,Graduation,Married,48752.0,SP,53,2
5623,Master,Married,31535.0,SP,42,1
5626,PhD,Single,61798.0,SP,58,0
5628,Graduation,Together,61416.0,US,40,0
5631,Graduation,Single,49767.0,US,31,0
5633,Graduation,Married,50183.0,SA,42,2
5636,Graduation,Single,30983.0,IND,59,0
5642,Master,Together,62499.0,SP,43,1
5644,Graduation,Together,42213.0,SP,65,1
5654,Graduation,Married,36026.0,AUS,50,3
5667,PhD,Married,60896.0,CA,58,1
5675,PhD,Divorced,50611.0,US,62,1
5680,2n Cycle,Married,35684.0,SP,38,1
5682,PhD,Single,64108.0,AUS,69,1
5684,Master,Divorced,44635.0,SP,51,2
5687,Graduation,Divorced,81702.0,CA,42,0
5692,Basic,Married,25443.0,SA,33,1
5710,Graduation,Together,40548.0,AUS,52,1
5718,Graduation,Married,80763.0,SA,72,0
5721,PhD,Married,84117.0,CA,66,0
5723,PhD,Together,49187.0,SP,46,1
5726,Master,Single,31788.0,SA,39,1
5731,Master,Married,27100.0,SP,39,1
5734,PhD,Married,61917.0,SP,48,2
5735,Master,Single,90638.0,SP,31,0
5740,2n Cycle,Divorced,25959.0,SP,52,2
5748,Graduation,Married,59754.0,SA,57,1
5751,2n Cycle,Divorced,31163.0,CA,49,1
5756,Graduation,Together,39453.0,SP,39,1
5758,Graduation,Married,65169.0,SP,40,0
5763,Master,Together,49854.0,CA,50,1
5782,2n Cycle,Together,58582.0,SP,40,1
5788,Graduation,Together,46053.0,GER,50,1
5790,Graduation,Married,31158.0,SP,37,1
5794,PhD,Married,46374.0,IND,48,1
5796,Graduation,Married,77437.0,SP,59,0
5802,Basic,Married,14188.0,GER,50,0
5823,PhD,Single,32303.0,IND,52,1
5824,PhD,Together,34578.0,AUS,50,3
5827,Graduation,Divorced,35246.0,SA,64,2
5830,PhD,Single,86857.0,SA,50,0
5831,Graduation,Married,77870.0,SP,55,1
5832,2n Cycle,Together,92556.0,SP,62,0
5835,PhD,Divorced,14849.0,SP,46,1
5837,Graduation,Married,51479.0,SP,55,2
5841,Graduation,Together,60894.0,SP,56,1
5846,Graduation,Divorced,40246.0,GER,45,1
5847,Graduation,Divorced,69901.0,SP,53,1
5848,Graduation,Together,81205.0,IND,52,0
5863,Graduation,Married,47703.0,SP,69,1
5866,Graduation,Together,48186.0,SP,48,1
5868,Graduation,Married,19107.0,CA,42,1
5871,Master,Together,24401.0,SA,43,0
5872,Graduation,Single,60689.0,US,71,1
5883,Graduation,Married,77981.0,SP,50,1
5885,2n Cycle,Married,35688.0,CA,49,3
5892,Graduation,Married,34968.0,SA,42,1
5896,Master,Married,73395.0,SP,35,0
5899,PhD,Together,5648.0,US,72,2
5907,Master,Married,33444.0,SP,70,2
5909,Graduation,Married,58512.0,GER,58,1
5922,PhD,Married,40344.0,SP,48,1
5929,PhD,Married,37401.0,SP,49,1
5935,Master,Single,55284.0,IND,66,1
5939,Graduation,Together,38232.0,SP,51,2
5948,Graduation,Single,57338.0,US,47,1
5954,Master,Divorced,42618.0,SP,50,1
5955,Graduation,Together,72025.0,SP,60,0
5956,PhD,Divorced,45072.0,AUS,74,3
5959,Graduation,Single,35893.0,IND,54,2
5961,Graduation,Married,42693.0,SP,44,1
5966,PhD,Married,45207.0,SP,48,2
5967,Graduation,Together,33402.0,GER,70,2
5975,PhD,Single,40304.0,CA,55,1
5985,Master,Single,33168.0,SP,57,1
5987,2n Cycle,Together,10404.0,SP,33,1
5989,2n Cycle,Divorced,78353.0,CA,63,1
5991,Master,Married,48150.0,GER,73,1
5995,Graduation,Divorced,39552.0,SP,60,2
6001,Graduation,Married,56775.0,SP,43,1
6019,PhD,Married,37126.0,SP,51,1
6024,Graduation,Together,94384.0,SP,69,0
6036,Master,Together,89120.0,SP,63,0
6049,Master,Together,73450.0,SP,40,0
6050,2n Cycle,Married,57036.0,IND,47,1
6055,Graduation,Married,71626.0,SP,43,0
6059,PhD,Together,64504.0,SP,69,3
6071,Graduation,Single,81217.0,SP,33,0
6072,Master,Single,75345.0,SP,52,0
6086,Graduation,Married,80395.0,AUS,67,0
6097,Graduation,Single,50664.0,SA,63,2
6103,Graduation,Married,42192.0,AUS,74,0
6116,2n Cycle,Married,48985.0,SP,54,1
6119,PhD,Single,36736.0,SP,59,2
6131,2n Cycle,Married,70829.0,SP,42,2
6141,Master,Single,49494.0,CA,50,1
6142,Master,Married,65073.0,SP,79,0
6147,Graduation,Divorced,25818.0,GER,51,1
6168,Graduation,Divorced,45146.0,IND,59,2
6173,Graduation,Together,77298.0,SP,43,1
6177,PhD,Married,33454.0,US,37,1
6181,2n Cycle,Together,52203.0,US,72,0
6182,Graduation,Together,26646.0,US,38,1
6183,Master,Married,58646.0,GER,60,1
6184,PhD,Married,68462.0,SP,53,0
6197,PhD,Single,27238.0,SP,60,2
6200,Graduation,Married,75903.0,SP,71,1
6201,Graduation,Single,38643.0,SP,44,2
6202,Graduation,Together,63381.0,SP,62,1
6203,Graduation,Together,74485.0,SP,75,0
6205,Master,Single,32557.0,CA,55,1
6211,PhD,Together,37395.0,SP,46,1
6214,Master,Married,43815.0,SP,40,1
6215,Graduation,Married,31353.0,SA,45,2
6218,Graduation,Married,59594.0,SP,57,1
6222,Graduation,Married,22574.0,SP,55,3
6230,Graduation,Divorced,44421.0,SP,51,2
6233,Graduation,Married,65991.0,SP,46,1
6237,PhD,Single,7144.0,SP,56,2
6245,PhD,Together,59292.0,SP,72,1
6246,Graduation,Single,73892.0,CA,69,0
6248,Master,Single,91712.0,SP,75,0
6250,PhD,Widow,54356.0,SP,73,1
6255,Master,Together,70545.0,AUS,70,1
6257,Master,Single,60482.0,SA,46,1
6260,Master,Together,82384.0,AUS,67,0
6261,Graduation,Married,58025.0,IND,43,1
6262,Master,Single,72217.0,GER,60,0
6263,Graduation,Together,35322.0,SP,54,3
6271,PhD,Married,50870.0,SP,70,1
6274,Master,Married,83790.0,SA,74,0
6281,Graduation,Divorced,55686.0,SP,56,1
6283,Master,Divorced,63841.0,SP,54,1
6287,Graduation,Together,34728.0,SP,36,1
6289,Master,Together,59385.0,SP,71,2
6292,PhD,Married,82333.0,GER,36,0
6295,Graduation,Married,54233.0,SP,45,1
6299,PhD,Divorced,42564.0,CA,54,1
6303,PhD,Together,91820.0,CA,36,0
6310,Graduation,Married,33039.0,CA,44,1
6312,Graduation,Married,65031.0,GER,63,1
6318,Graduation,Married,68487.0,CA,34,0
6320,Master,Single,70893.0,SP,46,0
6327,Graduation,Together,65777.0,US,55,0
6336,Graduation,Married,29315.0,SA,62,2
6340,Graduation,Single,29938.0,SA,37,1
6343,Graduation,Married,79823.0,AUS,63,1
6347,Basic,Single,15862.0,SP,43,1
6349,Master,Divorced,61787.0,SP,35,0
6354,Graduation,Together,15345.0,SP,38,1
6355,Graduation,Married,44359.0,SP,44,2
6357,2n Cycle,Divorced,59052.0,SA,63,1
6365,2n Cycle,Married,30390.0,IND,35,0
6374,PhD,Married,36930.0,SP,68,1
6376,Graduation,Single,57537.0,AUS,43,1
6379,Master,Widow,47570.0,US,73,2
6382,Graduation,Together,48794.0,US,69,2
6383,PhD,Together,32892.0,SA,51,1
6384,Graduation,Divorced,71022.0,US,44,1
6387,PhD,Together,52190.0,SA,46,2
6398,Basic,Married,18393.0,SP,48,1
6404,Graduation,Together,58917.0,SA,53,3
6406,Master,Married,78285.0,GER,34,0
6409,Graduation,Divorced,57136.0,SA,55,0
6417,Master,Together,80573.0,SP,51,0
6421,Graduation,Together,88347.0,SP,61,0
6422,Graduation,Married,86718.0,IND,68,0
6424,Graduation,Together,33178.0,SP,45,1
6428,PhD,Widow,76842.0,SP,72,0
6431,PhD,Married,45759.0,IND,58,2
6437,2n Cycle,Single,41473.0,SP,37,1
6439,Graduation,Married,61074.0,SA,64,1
6445,Graduation,Together,66825.0,SA,55,0
6457,Graduation,Divorced,64892.0,SA,46,1
6460,Graduation,Married,28718.0,IND,40,1
6461,Master,Single,62772.0,SP,53,1
6466,PhD,Married,57236.0,SP,57,2
6471,Master,Single,36230.0,SP,51,1
6488,PhD,Married,38829.0,GER,63,1
6497,Graduation,Married,51651.0,AUS,62,1
6504,2n Cycle,Together,19789.0,SP,47,1
6507,Graduation,Single,30828.0,AUS,42,1
6515,Graduation,Together,39771.0,SA,45,1
6516,Basic,Married,17487.0,AUS,33,1
6518,PhD,Widow,67680.0,AUS,71,1
6521,Graduation,Together,77972.0,SA,68,0
6528,Master,Together,18492.0,SP,40,1
6534,Graduation,Together,47889.0,SA,48,1
6543,Master,Together,62847.0,CA,77,0
6544,PhD,Together,67911.0,GER,73,1
6565,Master,Married,76995.0,US,73,1
6566,PhD,Married,72550.0,AUS,68,2
6568,Graduation,Married,38680.0,US,38,1
6575,Graduation,Together,56386.0,SA,41,2
6583,2n Cycle,Married,72635.0,SP,67,0
6605,PhD,Divorced,55614.0,SP,78,0
6606,Master,Married,70091.0,SP,53,1
6609,Graduation,Widow,27038.0,SA,56,0
6613,Master,Married,44511.0,AUS,52,1
6616,Graduation,Together,59481.0,SP,47,1
6619,Graduation,Married,38415.0,SP,44,2
6634,Master,Divorced,33462.0,SA,43,1
6637,Graduation,Single,66951.0,IND,34,0
6642,Graduation,Divorced,27215.0,SA,61,3
6646,Graduation,Together,16529.0,CA,38,1
6652,Graduation,Married,77343.0,CA,57,0
6653,PhD,Married,55158.0,SP,52,2
6658,Graduation,Together,59868.0,SP,50,1
6661,Graduation,Married,67445.0,SP,48,1
6663,PhD,Single,51141.0,SP,82,0
6673,Graduation,Single,23478.0,US,57,0
6678,Graduation,Together,31928.0,IND,33,1
6679,Graduation,Single,33279.0,SP,56,0
6682,Basic,Married,18978.0,SP,49,1
6690,Master,Married,38179.0,SA,56,2
6694,Graduation,Married,75236.0,SP,58,1
6710,Master,Single,58217.0,SP,71,3
6715,PhD,Single,60200.0,SP,74,1
6720,Master,Together,43795.0,SP,54,1
6721,Graduation,Married,71965.0,CA,71,1
6722,PhD,Married,70421.0,CA,68,1
6728,Graduation,Together,29103.0,SP,37,1
6729,Graduation,Single,68655.0,SA,34,0
6730,Graduation,Married,38998.0,SP,68,2
6742,Graduation,Married,17688.0,SP,43,1
6749,Graduation,Single,86358.0,SP,56,2
6768,Graduation,Divorced,37859.0,CA,60,3
6770,Graduation,Married,21355.0,US,37,1
6798,Graduation,Single,37070.0,SA,56,2
6810,Graduation,Divorced,82025.0,SA,39,0
6815,2n Cycle,Married,96547.0,SP,42,0
6818,Graduation,Married,44989.0,SP,48,1
6825,Graduation,Together,41452.0,CA,69,2
6853,Master,Single,75777.0,AUS,40,0
6856,Graduation,Together,21645.0,GER,43,1
6859,Graduation,Single,29236.0,SP,35,1
6862,Graduation,Divorced,1730.0,SP,51,0
6864,Master,Divorced,10979.0,AUS,33,0
6866,Master,Together,35924.0,SA,53,2
6870,PhD,Divorced,68805.0,SP,63,1
6872,PhD,Married,65352.0,SA,48,1
6875,PhD,Together,32727.0,CA,57,0
6878,Graduation,Widow,27421.0,SP,68,0
6885,Graduation,Divorced,32952.0,CA,45,1
6887,Graduation,Single,79146.0,GER,55,2
6892,Graduation,Divorced,61671.0,SP,54,1
6905,Graduation,Together,80685.0,SP,28,0
6906,Master,Widow,84953.0,SP,69,0
6912,PhD,Married,63246.0,SP,55,2
6918,Graduation,Married,28691.0,SP,33,1
6919,2n Cycle,Married,26224.0,SP,44,1
6927,PhD,Married,44377.0,SA,54,2
6931,Graduation,Divorced,76982.0,SP,55,0
6932,PhD,Married,93027.0,SP,81,0
6935,2n Cycle,Married,78497.0,IND,71,0
6940,PhD,Single,46734.0,SP,56,3
6941,Graduation,Single,31632.0,SP,51,0
6945,Graduation,Single,84574.0,SP,70,0
6950,Master,Married,49572.0,CA,64,2
6958,Master,Married,27889.0,AUS,45,1
6961,Graduation,Married,26751.0,SP,48,2
6963,Graduation,Single,77457.0,SA,75,0
6969,Graduation,Together,50272.0,AUS,40,1
6974,PhD,Together,83443.0,GER,50,0
6977,Graduation,Together,75702.0,SP,48,1
6982,Graduation,Married,74068.0,IND,46,0
6983,Master,Divorced,38054.0,IND,72,2
6988,Graduation,Married,71952.0,AUS,36,1
6991,Graduation,Divorced,43185.0,AUS,71,1
6999,Master,Married,69661.0,IND,42,0
7000,2n Cycle,Single,65704.0,GER,50,0
7002,Graduation,Single,62535.0,SP,67,1
7004,Graduation,Single,11012.0,IND,38,1
7005,Graduation,Single,58684.0,SA,41,0
7007,Master,Married,29543.0,SP,54,2
7010,2n Cycle,Married,70924.0,SP,57,0
7011,Graduation,Married,33471.0,SA,49,1
7019,Graduation,Together,54414.0,SA,59,2
7022,Graduation,Married,76445.0,SA,51,1
7023,PhD,Single,46231.0,SA,69,3
7030,PhD,Married,66465.0,SP,67,1
7034,2n Cycle,Married,25804.0,CA,44,1
7037,PhD,Married,37087.0,SA,48,1
7042,Graduation,Married,36790.0,SP,39,0
7053,PhD,Single,78420.0,SA,56,0
7055,PhD,Together,61010.0,CA,70,1
7059,Graduation,Married,80124.0,SP,59,0
7072,Graduation,Married,67432.0,AUS,49,1
7079,Graduation,Divorced,63887.0,SA,60,1
7093,Graduation,Married,19986.0,SP,37,1
7094,Graduation,Widow,58330.0,GER,47,1
7101,PhD,Widow,52278.0,SP,59,1
7106,PhD,Married,75865.0,SP,79,0
7108,Master,Widow,51390.0,SA,57,2
7118,Graduation,Married,73803.0,CA,65,1
7119,Graduation,Single,68627.0,SA,40,0
7124,Graduation,Divorced,36997.0,CA,54,2
7128,PhD,Single,42997.0,SP,45,2
7129,PhD,Married,54693.0,SP,60,1
7141,Master,Single,21888.0,SP,36,1
7143,2n Cycle,Together,74805.0,SP,67,1
7152,Master,Married,27100.0,GER,39,1
7165,Graduation,Together,64474.0,SP,50,1
7181,Graduation,Married,30368.0,SP,45,1
7186,PhD,Together,30843.0,IND,56,2
7192,Graduation,Together,65748.0,SP,67,1
7196,PhD,Married,41145.0,CA,72,2
7212,Graduation,Married,44794.0,AUS,56,1
7214,Graduation,Married,62187.0,SP,65,0
7215,Graduation,Single,101970.0,CA,39,0
7224,Graduation,Married,31353.0,IND,45,2
7230,PhD,Divorced,50611.0,US,62,1
7232,Graduation,Widow,42429.0,SP,49,1
7233,Graduation,Married,69209.0,CA,50,0
7235,2n Cycle,Married,17003.0,GER,47,1
7247,Graduation,Widow,47916.0,GER,62,1
7250,Graduation,Together,57867.0,CA,44,1
7254,Graduation,Together,38361.0,SA,53,1
7261,Graduation,Together,34600.0,SP,51,2
7264,2n Cycle,Single,52195.0,SA,44,3
7270,Graduation,Divorced,56981.0,SA,41,0
7274,Graduation,Married,78618.0,SP,65,0
7275,Master,Single,33316.0,US,51,2
7279,PhD,Together,69476.0,US,53,0
7284,Graduation,Married,48686.0,SP,69,3
7286,Graduation,Together,41728.0,AUS,54,1
7290,Graduation,Single,70596.0,SP,37,0
7297,Graduation,Single,7500.0,SA,49,1
7300,Graduation,Divorced,69142.0,IND,70,1
7301,2n Cycle,Single,23616.0,SP,40,1
7313,2n Cycle,Widow,74859.0,CA,73,0
7321,Graduation,Together,76081.0,IND,60,0
7325,PhD,Together,38197.0,SP,36,1
7326,Master,Married,56850.0,CA,51,1
7327,PhD,Married,36732.0,SP,63,2
7342,2n Cycle,Widow,59184.0,SP,61,1
7348,PhD,Single,71691.0,SP,64,0
7349,Basic,Together,9722.0,SP,49,1
7352,Graduation,Married,55267.0,CA,65,1
7366,Master,Single,75777.0,IND,40,0
7369,Master,Married,36959.0,SP,41,1
7373,PhD,Divorced,46610.0,AUS,70,2
7375,Graduation,Together,51369.0,SA,46,1
7378,Master,Together,42021.0,SP,41,1
7381,Graduation,Divorced,75693.0,SP,54,0
7384,Master,Together,39767.0,SP,71,0
7386,Graduation,Divorced,30992.0,CA,46,1
7393,Graduation,Together,41580.0,SP,44,2
7396,Graduation,Married,80398.0,SP,56,0
7397,Graduation,Single,49090.0,SP,71,1
7408,PhD,Married,54549.0,SA,70,1
7409,Graduation,Together,53187.0,SP,52,1
7411,PhD,Married,31686.0,SA,58,2
7414,Graduation,Married,43824.0,SP,51,2
7419,Master,Divorced,27071.0,SP,54,1
7422,Graduation,Single,46923.0,SP,35,1
7426,2n Cycle,Married,54690.0,SP,51,2
7428,Graduation,Together,80144.0,AUS,47,0
7431,PhD,Single,68126.0,CA,31,0
7433,Graduation,Single,29760.0,SP,37,1
7437,Graduation,Single,27938.0,AUS,34,1
7441,Graduation,Divorced,71128.0,US,49,1
7444,Master,Married,42169.0,SP,53,2
7446,Master,Together,62513.0,US,55,1
7451,Master,Single,98777.0,SP,62,0
7453,Graduation,Single,36130.0,SP,68,1
7458,Master,Together,34941.0,AUS,66,2
7462,Graduation,Single,22507.0,CA,68,0
7476,Master,Single,63972.0,SA,58,1
7485,PhD,Widow,56551.0,SA,72,2
7488,Master,Single,64191.0,SP,59,1
7494,PhD,Divorced,42873.0,CA,72,2
7495,PhD,Married,56223.0,SP,74,1
7500,Graduation,Single,79146.0,SP,55,2
7503,Graduation,Single,75825.0,GER,46,0
7505,PhD,Married,44155.0,SP,65,2
7514,2n Cycle,Together,54342.0,AUS,66,2
7516,Graduation,Married,30096.0,GER,39,1
7521,Graduation,Together,83844.0,CA,70,0
7527,Master,Divorced,23748.0,SP,54,1
7530,PhD,Widow,56551.0,SP,72,2
7532,Graduation,Married,43586.0,GER,42,1
7533,Graduation,Married,49096.0,CA,58,2
7540,Graduation,Married,50300.0,SP,70,1
7573,PhD,Single,31626.0,GER,44,1
7574,PhD,Together,27922.0,SA,43,1
7592,PhD,Married,51012.0,SP,76,0
7600,Basic,Single,15253.0,CA,30,1
7610,Graduation,Together,37292.0,SP,39,1
7613,2n Cycle,Together,49669.0,SP,48,1
7617,Graduation,Single,42373.0,SP,48,2
7620,Basic,Single,16185.0,IND,32,1
7627,Master,Married,92163.0,SP,47,0
7628,2n Cycle,Married,43050.0,SP,49,1
7629,Graduation,Married,22108.0,SP,45,2
7631,Master,Together,61346.0,IND,44,1
7646,Graduation,Single,64449.0,SP,33,1
7660,PhD,Alone,35860.0,CA,49,2
7679,PhD,Single,30298.0,SP,37,0
7683,Master,Married,70777.0,SP,54,1
7685,Graduation,Married,33039.0,SP,44,1
7698,PhD,Married,51650.0,IND,46,1
7699,Graduation,Widow,40590.0,CA,53,2
7706,2n Cycle,Together,46772.0,CA,47,1
7712,PhD,Single,62159.0,US,76,0
7718,Master,Together,66000.0,SP,75,0
7723,Graduation,Together,75507.0,GER,43,0
7725,2n Cycle,Married,76800.0,IND,57,0
7732,Graduation,Married,64813.0,SP,44,1
7734,Graduation,Absurd,79244.0,AUS,29,0
7736,Graduation,Married,22518.0,SP,36,1
7755,PhD,Married,57744.0,SP,68,1
7761,2n Cycle,Together,38702.0,AUS,44,1
7786,PhD,Single,29999.0,SP,36,1
7787,Graduation,Together,62807.0,CA,62,1
7788,PhD,Married,23536.0,SP,39,1
7789,PhD,Married,84618.0,SP,57,0
7791,Master,Married,37054.0,SA,55,2
7793,Graduation,Together,62061.0,SP,46,1
7798,2n Cycle,Together,46344.0,CA,50,1
7801,Graduation,Together,54753.0,SA,63,1
7807,Graduation,Married,44989.0,SP,48,1
7822,Graduation,Together,54058.0,SP,46,1
7828,Master,Together,77882.0,SA,41,0
7829,2n Cycle,Divorced,36640.0,IND,122,1
7832,Master,Married,77520.0,SP,63,1
7842,Graduation,Single,36065.0,SP,54,2
7848,Graduation,Single,49166.0,IND,48,1
7849,PhD,Married,80336.0,SP,52,0
7851,Graduation,Widow,70165.0,SP,73,0
7861,Master,Married,77027.0,SP,70,1
7872,PhD,Married,86836.0,SP,47,0
7873,PhD,Together,63516.0,CA,49,2
7875,Graduation,Married,72025.0,AUS,73,0
7881,Master,Married,66835.0,SP,76,0
7892,Graduation,Single,18589.0,US,53,0
7899,PhD,Married,77610.0,AUS,70,1
7901,Master,Married,34109.0,AUS,51,1
7912,Graduation,Married,38136.0,US,44,1
7919,PhD,Together,72335.0,SP,46,0
7922,PhD,Single,64950.0,SA,71,1
7930,Master,Single,26877.0,SP,53,0
7937,Graduation,Married,24711.0,SP,40,0
7938,PhD,Together,51518.0,GER,64,1
7943,PhD,Married,36663.0,SA,47,1
7947,Graduation,Married,42231.0,SP,53,2
7959,Graduation,Married,79410.0,SP,61,0
7960,2n Cycle,Together,82122.0,SP,60,0
7962,PhD,Single,95169.0,SP,35,0
7966,Graduation,Single,80982.0,SP,63,2
7972,Graduation,Single,72906.0,SP,67,0
7987,Graduation,Married,65747.0,CA,53,1
7990,Graduation,Married,27469.0,CA,75,0
7998,Graduation,Together,28087.0,IND,64,2
7999,PhD,Together,75261.0,SP,67,0
8008,Graduation,Together,36075.0,SP,39,1
8015,PhD,Divorced,85696.0,SP,60,0
8017,2n Cycle,Married,51111.0,SA,41,2
8026,Graduation,Married,62998.0,CA,70,1
8029,Master,Single,90247.0,US,34,0
8036,2n Cycle,Together,26850.0,SP,51,2
8041,PhD,Widow,47111.0,SA,51,1
8070,PhD,Married,54222.0,SP,49,1
8079,Graduation,Married,22448.0,SA,40,1
8080,Graduation,Single,26816.0,IND,36,0
8082,Graduation,Married,25721.0,AUS,51,1
8086,Graduation,Married,42243.0,SA,63,2
8091,Graduation,Married,63943.0,IND,66,1
8093,Master,Married,79734.0,SP,53,0
8104,PhD,Married,53312.0,SP,71,0
8132,PhD,Married,60631.0,GER,47,2
8135,Master,Married,27161.0,SA,36,1
8140,Graduation,Together,22682.0,AUS,49,1
8143,PhD,Single,37929.0,SP,37,0
8146,Master,Together,46106.0,SA,46,2
8147,Graduation,Married,31454.0,SP,62,2
8148,Master,Together,50898.0,SA,66,2
8151,Basic,Married,24279.0,SP,32,0
8159,Graduation,Married,51287.0,SP,54,2
8162,Master,Together,14661.0,SP,66,0
8164,PhD,Married,82170.0,SA,44,0
8175,Graduation,Married,34935.0,SA,30,0
8180,Master,Divorced,59354.0,US,70,2
8181,2n Cycle,Single,38593.0,SP,44,1
8182,Graduation,Married,23228.0,CA,38,1
8204,2n Cycle,Married,78041.0,GER,51,0
8207,2n Cycle,Married,53233.0,CA,65,1
8210,Master,Married,54730.0,SP,47,1
8212,Master,Married,39791.0,SP,51,1
8213,2n Cycle,Together,14515.0,SP,42,1
8216,Master,Married,53761.0,AUS,50,2
8230,Graduation,Married,33228.0,SP,42,1
8233,Master,Widow,64866.0,CA,72,1
8234,Basic,Together,27190.0,SP,49,1
8235,Master,Together,69245.0,SA,66,1
8254,PhD,Married,34596.0,GER,48,1
8275,PhD,Divorced,47025.0,SP,57,2
8278,PhD,Married,74214.0,SP,32,0
8286,PhD,Together,51717.0,SA,57,1
8299,PhD,Single,33996.0,SA,33,0
8310,Graduation,Together,68142.0,SP,58,1
8312,Basic,Married,28249.0,SP,61,0
8314,Graduation,Married,79908.0,SP,40,0
8315,Graduation,Single,34824.0,US,27,0
8318,Graduation,Together,90300.0,SP,43,0
8334,Master,Single,33316.0,SP,51,2
8341,PhD,Married,30396.0,SP,53,1
8346,Graduation,Single,32233.0,SP,48,1
8360,2n Cycle,Married,54690.0,SP,51,2
8362,PhD,Married,84169.0,SA,40,0
8369,Graduation,Together,18227.0,SP,35,1
8370,2n Cycle,Together,75484.0,CA,46,1
8372,Graduation,Married,34421.0,SA,48,1
8373,Basic,Together,24594.0,CA,43,1
8375,PhD,Married,55954.0,AUS,54,1
8387,Graduation,Married,43140.0,SP,65,1
8395,Graduation,Single,82014.0,SA,61,0
8397,Graduation,Married,44689.0,SP,71,2
8402,Master,Married,67087.0,AUS,69,1
8405,Graduation,Divorced,68274.0,SA,43,2
8414,PhD,Single,33419.0,SP,60,1
8416,Graduation,Married,29009.0,US,41,1
8418,2n Cycle,Single,38741.0,GER,64,2
8420,2n Cycle,Married,15315.0,SP,52,0
8427,Master,Single,64857.0,SP,66,0
8430,Graduation,Together,21994.0,AUS,65,1
8432,Graduation,Together,54450.0,SP,66,2
8439,Graduation,Together,63404.0,SP,58,2
8442,Master,Married,19510.0,CA,37,2
8443,Graduation,Single,24762.0,SA,50,1
8461,Graduation,Divorced,46102.0,SP,60,3
8462,Basic,Together,24882.0,SP,44,1
8475,PhD,Married,157243.0,IND,49,1
8477,Graduation,Divorced,26150.0,SP,66,3
8486,Master,Together,30538.0,SP,51,1
8492,Graduation,Together,75437.0,SP,44,0
8504,Graduation,Married,79593.0,GER,49,0
8514,Graduation,Together,29478.0,SP,46,1
8523,Graduation,Married,19329.0,CA,54,1
8524,PhD,Divorced,25509.0,SP,48,1
8527,Master,Together,65735.0,SP,57,2
8534,Graduation,Married,67433.0,SP,70,2
8537,Graduation,Widow,72643.0,SP,73,0
8541,2n Cycle,Married,24683.0,SP,32,1
8545,Graduation,Divorced,85683.0,SP,68,0
8553,Graduation,Married,44300.0,SP,57,2
8560,Graduation,Single,48789.0,CA,30,0
8562,Graduation,Together,54165.0,SP,53,0
8566,PhD,Together,32583.0,SP,61,2
8581,Master,Married,49505.0,SP,51,2
8584,PhD,Together,85431.0,SP,70,0
8588,Graduation,Married,60544.0,GER,61,2
8594,PhD,Widow,50520.0,SP,64,1
8595,Graduation,Widow,42429.0,AUS,49,1
8601,Graduation,Married,80011.0,AUS,42,1
8602,Graduation,Divorced,69932.0,SP,58,1
8605,PhD,Together,46910.0,SP,58,2
8614,Graduation,Widow,65486.0,AUS,65,1
8619,Graduation,Together,21994.0,SP,65,1
8624,Graduation,Married,81320.0,SA,64,0
8625,Graduation,Married,17649.0,US,46,1
8629,Graduation,Widow,46984.0,CA,66,2
8643,Graduation,Together,69930.0,IND,51,0
8650,Graduation,Widow,54162.0,SP,44,2
8652,Graduation,Together,37760.0,SA,76,0
8659,PhD,Together,69805.0,GER,70,1
8663,Graduation,Divorced,39996.0,AUS,48,2
8685,Graduation,Married,42014.0,SA,45,1
8686,Basic,Together,23724.0,SP,43,1
8687,Graduation,Together,53172.0,IND,44,1
8690,Graduation,Married,86111.0,CA,60,0
8692,Graduation,Together,43462.0,SP,70,2
8700,Basic,Single,14906.0,SA,36,0
8702,2n Cycle,Together,26907.0,AUS,46,2
8707,Graduation,Married,79456.0,SP,66,0
8717,PhD,Married,80427.0,IND,47,1
8722,2n Cycle,Married,82347.0,CA,65,0
8724,Graduation,Single,28567.0,SP,40,1
8726,2n Cycle,Divorced,41713.0,CA,58,2
8727,Graduation,Divorced,63693.0,SA,44,1
8732,Master,Widow,67369.0,SP,53,1
8737,Graduation,Divorced,55563.0,SP,44,1
8746,Graduation,Married,75433.0,SP,33,1
8749,Graduation,Together,37235.0,SP,38,1
8754,PhD,Together,45068.0,SP,48,1
8755,Master,Married,68657.0,AUS,76,0
8773,Master,Together,57420.0,US,51,1
8775,Graduation,Together,38361.0,AUS,53,1
8779,2n Cycle,Married,36145.0,US,37,1
8780,PhD,Together,59292.0,SP,72,1
8783,Graduation,Married,57045.0,AUS,72,1
8786,Master,Married,62058.0,GER,66,1
8789,2n Cycle,Married,59060.0,SP,33,1
8799,PhD,Married,38175.0,SP,38,1
8800,PhD,Divorced,48948.0,SA,79,0
8805,Graduation,Single,48904.0,US,62,1
8812,2n Cycle,Divorced,13533.0,SP,43,1
8825,Graduation,Together,51195.0,SA,60,2
8832,Master,Together,37509.0,GER,46,1
8842,Graduation,Widow,30372.0,SP,51,2
8852,Graduation,Married,61064.0,SP,46,1
8858,PhD,Married,44325.0,CA,50,1
8867,PhD,Married,67546.0,SA,34,0
8870,Graduation,Together,35196.0,SP,38,1
8876,PhD,Together,33629.0,SP,59,2
8890,PhD,Divorced,65808.0,SP,51,2
8895,Graduation,Single,70596.0,SP,37,0
8897,Graduation,Single,42720.0,GER,57,2
8908,Graduation,Married,87195.0,CA,63,0
8910,Graduation,Together,42586.0,SP,67,2
8911,PhD,Married,56320.0,SP,55,1
8916,Graduation,Divorced,36627.0,SA,47,2
8920,Master,Single,59235.0,IND,55,1
8923,Graduation,Single,83917.0,SP,49,0
8925,Master,Married,70053.0,SP,57,1
8931,Graduation,Together,83033.0,SA,36,1
8932,Master,Together,65176.0,SA,53,1
8933,2n Cycle,Married,32146.0,CA,39,1
8939,Graduation,Divorced,61250.0,SP,63,1
8945,Graduation,Divorced,54137.0,SA,52,1
8952,Master,Married,65569.0,SP,69,1
8953,Master,Single,35791.0,SP,57,3
8955,PhD,Together,40451.0,SP,65,2
8957,2n Cycle,Single,64831.0,SA,70,2
8962,Master,Married,44319.0,SA,47,2
8969,Graduation,Married,71855.0,SA,45,1
8970,PhD,Married,62010.0,SP,50,1
8975,Graduation,Married,19514.0,SP,54,2
8977,Basic,Single,16581.0,SP,37,0
8985,2n Cycle,Together,68316.0,SP,58,1
9010,Master,Married,83151.0,SP,50,0
9014,Graduation,Married,37085.0,IND,47,2
9029,PhD,Married,70116.0,SP,50,0
9058,Graduation,Widow,79800.0,SP,67,0
9064,Graduation,Married,69109.0,SP,40,0
9076,PhD,Married,30732.0,SA,42,1
9080,PhD,Single,38578.0,SP,50,2
9081,Graduation,Single,20518.0,SP,34,1
9094,2n Cycle,Married,62972.0,SP,67,1
9097,Graduation,Divorced,46086.0,SP,66,1
9119,Graduation,Together,60905.0,US,72,1
9120,Graduation,Single,66565.0,SP,60,1
9121,Graduation,Married,80134.0,AUS,50,1
9135,Graduation,Together,27203.0,SP,72,2
9140,2n Cycle,Together,50523.0,US,62,2
9145,Graduation,Single,72504.0,CA,50,1
9150,PhD,Single,48918.0,SP,59,2
9153,PhD,Married,59304.0,SP,58,1
9166,Graduation,Married,63967.0,SP,54,1
9167,Graduation,Married,67131.0,SP,66,1
9185,PhD,Single,69759.0,SP,56,0
9197,Graduation,Married,39722.0,SP,69,1
9204,Graduation,Widow,66731.0,SP,52,1
9206,Graduation,Together,77382.0,SP,54,1
9209,Master,Together,80573.0,SA,51,0
9212,Master,Married,72828.0,SP,60,1
9213,Graduation,Widow,31880.0,SP,52,1
9214,Graduation,Married,42691.0,SP,31,0
9215,PhD,Married,43974.0,CA,42,1
9216,Graduation,Married,35788.0,CA,51,2
9220,Graduation,Single,91700.0,SP,51,0
9224,PhD,Single,55260.0,SA,50,1
9239,Master,Married,61923.0,US,61,2
9240,PhD,Single,60504.0,SP,51,1
9242,Graduation,Single,64509.0,SA,32,0
9246,Master,Together,40101.0,IND,37,1
9256,Graduation,Single,58350.0,SP,51,1
9260,PhD,Married,70356.0,CA,77,0
9262,2n Cycle,Together,32414.0,SA,38,0
9264,Graduation,Married,79529.0,CA,36,0
9265,Graduation,Married,75027.0,SA,69,1
9274,Master,Married,80950.0,SA,61,0
9283,Graduation,Single,60199.0,CA,44,3
9284,Graduation,Together,53977.0,SP,64,1
9286,Master,Together,83151.0,SP,62,0
9289,Graduation,Married,36781.0,SP,43,1
9291,Master,Married,34242.0,SP,63,1
9292,Graduation,Married,81795.0,SP,70,0
9298,PhD,Together,81574.0,SA,75,0
9303,Graduation,Married,5305.0,IND,46,1
9305,2n Cycle,Single,79689.0,SP,46,0
9308,Graduation,Married,62820.0,SA,68,0
9316,Basic,Together,13084.0,US,70,0
9323,Master,Together,49912.0,ME,73,1
9336,PhD,Widow,62187.0,SP,53,1
9347,Master,Together,50943.0,SP,66,1
9349,Graduation,Married,92533.0,GER,37,0
9353,Graduation,Single,62450.0,IND,63,1
9360,Graduation,Married,37040.0,US,40,0
9362,Graduation,Single,69263.0,CA,57,1
9365,PhD,Single,60000.0,SP,46,1
9369,2n Cycle,Single,88194.0,GER,43,1
9370,PhD,Married,65846.0,CA,77,0
9381,Graduation,Married,66373.0,AUS,44,2
9384,Graduation,Married,66373.0,AUS,44,2
9386,Graduation,Together,50127.0,SP,60,1
9392,Graduation,Single,26954.0,SP,51,1
9396,PhD,Married,37717.0,SA,44,1
9400,2n Cycle,Single,85485.0,SP,64,0
9405,PhD,Married,52869.0,SA,68,2
9422,Graduation,Married,38360.0,AUS,33,1
9423,Master,Married,32765.0,SP,43,1
9426,Master,Single,58308.0,SP,58,1
9432,Graduation,Together,666666.0,SA,45,1
9449,PhD,Single,79761.0,SA,64,1
9451,Graduation,Married,73538.0,CA,57,1
9460,Graduation,Married,22419.0,SP,59,0
9463,Graduation,Together,71706.0,CA,63,1
9467,Graduation,Single,34738.0,SP,38,1
9477,PhD,Married,65324.0,IND,68,1
9478,Graduation,Single,66503.0,SP,37,1
9481,Graduation,Married,17148.0,CA,46,1
9483,Graduation,Together,57957.0,CA,63,1
9485,PhD,Married,45921.0,SA,36,0
9491,Graduation,Together,23976.0,SA,38,1
9493,PhD,Single,76412.0,CA,42,0
9495,Graduation,Together,71853.0,SP,40,0
9499,Graduation,Married,93404.0,CA,68,3
9500,Graduation,Married,58113.0,SP,63,1
9503,Graduation,Single,28071.0,SP,42,0
9504,Master,Married,81698.0,SP,73,0
9507,Graduation,Married,40794.0,SP,47,1
9516,2n Cycle,Divorced,49118.0,SP,51,0
9523,Graduation,Together,40479.0,SP,40,1
9529,Graduation,Married,73687.0,SA,32,0
9530,Graduation,Married,24645.0,SA,34,1
9543,Graduation,Married,19986.0,SP,37,1
9553,Graduation,Married,7500.0,IND,35,0
9559,PhD,Married,57072.0,CA,61,1
9560,Graduation,Together,83003.0,SP,57,0
9576,PhD,Together,32313.0,SP,40,1
9579,PhD,Married,33762.0,CA,63,3
9589,PhD,Widow,82032.0,IND,74,0
9592,Graduation,Together,22010.0,SP,39,1
9595,Graduation,Together,64260.0,SP,61,0
9596,PhD,Single,65295.0,US,42,0
9597,Graduation,Married,73448.0,CA,53,0
9606,PhD,Married,69969.0,SP,57,0
9612,2n Cycle,Single,23830.0,SP,35,0
9617,Graduation,Single,15033.0,SA,71,0
9624,PhD,Together,65488.0,SP,64,0
9635,Master,Married,35876.0,SP,39,0
9645,Graduation,Married,64590.0,SP,54,0
9648,Graduation,Single,46904.0,SP,55,2
9653,Graduation,Married,35797.0,SA,47,1
9665,PhD,Divorced,54237.0,SA,65,1
9668,Graduation,Married,18793.0,SA,51,1
9671,Graduation,Married,19514.0,SP,54,2
9672,2n Cycle,Married,23162.0,CA,52,2
9687,Graduation,Single,73170.0,CA,47,0
9697,Graduation,Married,53790.0,SP,71,2
9699,Graduation,Divorced,67272.0,SP,56,1
9701,Graduation,Together,41883.0,CA,34,1
9703,PhD,Married,38097.0,SA,52,2
9706,PhD,Single,31560.0,CA,48,1
9707,PhD,Married,55212.0,SP,53,1
9710,PhD,Divorced,58086.0,SP,53,1
9723,Graduation,Married,67716.0,CA,62,1
9725,PhD,Together,28764.0,SP,56,2
9727,Graduation,Married,23539.0,CA,65,0
9729,Graduation,Widow,58275.0,GER,67,2
9733,Basic,Together,24882.0,IND,44,1
9736,Graduation,Married,41850.0,US,42,2
9738,Master,Together,42386.0,SA,36,1
9739,Graduation,Single,34377.0,SP,59,1
9743,Graduation,Married,76998.0,CA,67,1
9750,PhD,Divorced,64325.0,SP,61,1
9757,Graduation,Together,84906.0,SP,50,0
9760,PhD,Widow,52278.0,SA,59,1
9771,2n Cycle,Single,23331.0,IND,34,1
9780,Master,Together,71499.0,SP,51,1
9790,Graduation,Single,78499.0,CA,65,0
9797,Graduation,Married,58116.0,SP,66,1
9799,PhD,Divorced,83664.0,SP,54,2
9805,Master,Together,56129.0,CA,69,1
9817,Master,Single,44802.0,IND,52,0
9826,PhD,Single,86857.0,US,50,0
9829,Graduation,Together,28587.0,SP,44,1
9847,2n Cycle,Married,62972.0,SP,67,1
9850,2n Cycle,Married,24884.0,SP,50,1
9855,PhD,Single,62000.0,SP,70,1
9860,Graduation,Together,44911.0,SP,63,1
9862,Graduation,Together,21918.0,CA,53,1
9888,Graduation,Together,68695.0,SP,53,0
9904,Graduation,Married,71391.0,CA,66,1
9905,Graduation,Together,34074.0,SP,70,2
9907,Master,Together,66476.0,GER,53,1
9909,2n Cycle,Married,7500.0,AUS,26,0
9916,Graduation,Married,38998.0,SA,68,2
9923,Master,Single,46423.0,SP,50,2
9925,PhD,Together,39665.0,SP,41,1
9930,PhD,Single,82716.0,CA,78,0
9931,PhD,Married,4023.0,SP,59,2
9937,Graduation,Single,70337.0,US,43,0
9938,Graduation,Married,80067.0,IND,68,0
9940,Graduation,Together,64961.0,SA,64,1
9949,Graduation,Married,59809.0,CA,46,2
9952,Master,Together,78093.0,SA,75,0
9955,Graduation,Together,39898.0,SP,68,1
9958,Graduation,Married,65685.0,AUS,50,1
9960,Basic,Single,26868.0,SA,31,1
9964,Graduation,Single,61825.0,SP,43,1
9967,Graduation,Divorced,53034.0,US,48,2
9970,Graduation,Together,55375.0,CA,45,1
9971,PhD,Married,65526.0,SA,58,1
9972,PhD,Together,46015.0,SA,67,2
9973,Graduation,Married,50437.0,SP,59,2
9974,Graduation,Married,30631.0,SA,48,1
9977,Graduation,Divorced,78901.0,US,49,1
9984,2n Cycle,Married,56337.0,SP,41,2
9986,Graduation,Together,19444.0,SA,40,1
9988,Master,Single,70379.0,CA,46,1
9999,Graduation,Together,75276.0,SP,57,0
10001,2n Cycle,Together,7500.0,SP,37,1
10010,PhD,Divorced,36957.0,AUS,69,2
10022,PhD,Single,54466.0,SP,49,2
10031,PhD,Married,16927.0,SA,46,2
10032,Graduation,Divorced,12571.0,SA,46,1
10033,2n Cycle,Divorced,31163.0,GER,49,1
10037,Graduation,Single,74293.0,SA,29,0
10057,Graduation,Single,72282.0,SP,71,0
10061,Graduation,Married,59462.0,US,72,1
10065,2n Cycle,Married,15315.0,SP,52,0
10067,2n Cycle,Together,25176.0,GER,46,2
10069,Basic,Together,13724.0,SA,34,1
10084,Graduation,Married,24434.0,IND,50,2
10089,Graduation,Divorced,102692.0,SA,48,0
10091,Graduation,Single,60230.0,SP,66,1
10092,Graduation,Divorced,70044.0,SP,68,1
10095,PhD,Divorced,74165.0,CA,47,0
10099,Graduation,Married,55434.0,SA,38,1
10102,Graduation,Widow,79946.0,SA,56,0
10104,Graduation,Together,33590.0,CA,48,3
10120,Graduation,Together,38946.0,US,67,1
10127,Graduation,Married,58692.0,CA,57,1
10128,Graduation,Together,53977.0,CA,64,1
10129,Graduation,Together,82427.0,SP,56,0
10133,Graduation,Single,93790.0,CA,52,0
10140,PhD,Together,70123.0,IND,39,0
10141,Master,Divorced,39228.0,SA,62,0
10142,PhD,Divorced,66476.0,US,46,1
10144,Graduation,Together,51369.0,SA,46,1
10146,PhD,Together,38887.0,AUS,50,1
10150,Graduation,Single,86429.0,SA,61,0
10151,Graduation,Divorced,62204.0,SP,62,2
10156,Graduation,Single,84196.0,SP,47,1
10157,Graduation,Single,59686.0,CA,57,1
10159,Graduation,Divorced,58710.0,AUS,52,1
10160,Master,Together,50943.0,SP,66,1
10163,PhD,Single,82733.0,SP,38,0
10164,Graduation,Single,94472.0,SP,64,1
10172,Graduation,Single,68655.0,SP,34,0
10175,PhD,Divorced,32173.0,SP,64,1
10176,Graduation,Single,57107.0,SP,54,1
10177,Graduation,Divorced,72071.0,SP,68,1
10196,Graduation,Married,71427.0,US,44,2
10203,Graduation,Single,26095.0,SP,32,1
10207,Graduation,Together,22775.0,SA,44,1
10212,Master,Together,42386.0,IND,36,1
10219,Graduation,Together,31590.0,CA,50,1
10232,PhD,Divorced,48799.0,SP,59,1
10236,Master,Single,31160.0,SA,47,1
10240,Graduation,Together,69372.0,CA,73,0
10241,2n Cycle,Divorced,11448.0,SP,47,0
10242,PhD,Together,47472.0,SP,56,2
10245,2n Cycle,Single,80910.0,SP,36,0
10250,Basic,Together,28389.0,SP,75,0
10258,Master,Single,35791.0,US,57,3
10260,Master,Together,45143.0,SP,57,1
10262,Graduation,Married,15072.0,IND,42,2
10264,Graduation,Divorced,15287.0,SA,43,1
10270,2n Cycle,Married,35523.0,GER,41,1
10277,Graduation,Single,30081.0,SP,61,1
10281,Graduation,Divorced,64713.0,AUS,52,1
10286,Graduation,Married,83715.0,SA,60,0
10299,PhD,Single,48240.0,SP,53,0
10304,Graduation,Married,18690.0,SP,63,0
10307,Graduation,Married,50387.0,SP,66,2
10311,Graduation,Married,4428.0,SP,53,1
10313,Graduation,Married,48178.0,SP,47,2
10314,PhD,Married,83837.0,IND,74,0
10319,Graduation,Married,66303.0,SP,51,1
10323,Graduation,Married,49413.0,SP,70,1
10340,Graduation,Together,35196.0,SP,38,1
10341,Graduation,Together,51315.0,AUS,74,0
10343,2n Cycle,Single,61618.0,IND,31,0
10350,PhD,Married,54432.0,SP,72,3
10352,Graduation,Widow,34213.0,SA,59,2
10356,PhD,Divorced,41437.0,SP,65,2
10364,Graduation,Divorced,23295.0,SP,63,0
10377,Master,Together,46692.0,SP,64,1
10379,Master,Single,59247.0,SP,60,2
10380,Master,Married,37787.0,IND,50,1
10381,Graduation,Single,47691.0,SP,43,1
10383,Graduation,Divorced,70287.0,AUS,56,0
10390,2n Cycle,Married,26887.0,SP,63,1
10394,Graduation,Married,90000.0,CA,38,0
10395,Basic,Single,8940.0,SP,36,1
10398,2n Cycle,Single,24336.0,SP,41,1
10401,2n Cycle,Together,26326.0,GER,46,0
10402,Graduation,Married,35441.0,CA,55,2
10403,Graduation,Together,16531.0,CA,44,1
10413,Graduation,Married,72570.0,SP,38,0
10420,Master,Divorced,46390.0,US,67,1
10424,Graduation,Single,75922.0,SA,54,0
10430,Graduation,Divorced,89694.0,AUS,49,2
10432,Graduation,Divorced,19346.0,CA,48,1
10446,PhD,Married,82017.0,CA,65,0
10448,Graduation,Single,46998.0,SP,66,1
10451,Graduation,Together,29672.0,SA,57,2
10466,Graduation,Married,44393.0,SP,57,2
10469,Graduation,Together,88325.0,IND,41,0
10470,Master,Married,40662.0,GER,43,1
10473,PhD,Widow,78028.0,SP,66,1
10476,Graduation,Married,67267.0,US,64,1
10477,PhD,Together,39435.0,SP,49,1
10478,PhD,Married,55517.0,SA,72,2
10479,PhD,Married,76618.0,AUS,47,0
10486,Graduation,Married,77142.0,SP,74,0
10489,Graduation,Married,92955.0,SA,49,0
10490,PhD,Married,51039.0,AUS,53,2
10492,Graduation,Together,38285.0,IND,63,3
10500,Graduation,Married,31761.0,AUS,38,1
10505,Master,Together,73113.0,SA,62,0
10507,2n Cycle,Divorced,59601.0,US,45,1
10509,Master,Single,36927.0,US,67,2
10513,Graduation,Together,63207.0,SP,30,0
10521,Graduation,Married,54809.0,SP,45,2
10524,Master,Divorced,49476.0,CA,59,1
10525,Graduation,Single,26576.0,SP,36,1
10530,PhD,Widow,67786.0,IND,63,0
10536,PhD,Together,32892.0,SP,51,1
10542,PhD,Married,36778.0,SP,54,2
10548,Graduation,Single,71163.0,GER,27,0
10552,2n Cycle,Married,54210.0,SP,43,1
10556,Graduation,Married,54984.0,SP,63,1
10560,PhD,Single,36802.0,SP,42,1
10562,Master,Married,66835.0,IND,76,0
10573,Graduation,Divorced,62551.0,IND,69,0
10581,Graduation,Married,41124.0,SP,45,1
10582,Graduation,Married,72063.0,GER,43,1
10584,Graduation,Married,65665.0,SP,46,1
10590,PhD,Together,76542.0,SP,66,0
10591,Graduation,Widow,43638.0,SP,53,1
10595,Graduation,Married,30093.0,SP,32,0
10598,Graduation,Together,27943.0,SP,55,2
10602,Graduation,Married,39922.0,IND,39,1
10609,PhD,Married,42769.0,CA,60,1
10613,PhD,Together,37334.0,SP,64,2
10617,Master,Divorced,10979.0,SP,33,0
10619,Graduation,Single,95529.0,SA,28,0
10623,Master,Together,48330.0,SP,61,1
10634,Master,Married,59412.0,SP,71,0
10637,Graduation,Married,40800.0,SP,58,3
10640,Graduation,Together,44392.0,SP,48,2
10641,Graduation,Single,7500.0,SP,44,2
10642,Graduation,Single,30279.0,SP,33,1
10643,PhD,Single,42000.0,AUS,35,0
10648,2n Cycle,Together,66664.0,SP,40,0
10652,Master,Together,65487.0,CA,65,0
10659,2n Cycle,Together,7500.0,IND,43,1
10660,Master,Married,66726.0,SP,65,2
10664,Master,Widow,51529.0,SP,73,1
10669,Graduation,Married,54386.0,SP,41,1
10673,PhD,Married,68397.0,SA,46,1
10675,PhD,Married,66334.0,SP,66,1
10676,Graduation,Married,63211.0,SP,40,0
10678,Graduation,Together,71232.0,SP,63,1
10680,Graduation,Together,33235.0,SP,36,1
10681,2n Cycle,Married,62466.0,SP,52,1
10686,PhD,Together,34230.0,SP,57,2
10691,Master,Married,28520.0,SP,62,2
10699,Graduation,Married,44322.0,SA,37,1
10701,Graduation,Married,65308.0,US,49,0
10702,Graduation,Single,52413.0,SP,38,1
10703,Master,Single,46098.0,SP,47,2
10704,Graduation,Single,54803.0,SP,53,1
10708,2n Cycle,Single,36975.0,SP,44,1
10710,Graduation,Married,7500.0,SP,43,1
10711,Graduation,Married,69755.0,SA,77,0
10722,Graduation,Together,55593.0,IND,49,1
10727,PhD,Married,69084.0,SP,52,1
10735,Graduation,Single,22804.0,SA,51,1
10736,Graduation,Single,72258.0,CA,51,1
10738,Master,Single,49389.0,AUS,71,2
10741,Master,Together,47352.0,SP,71,1
10742,PhD,Married,86580.0,SP,39,0
10749,Graduation,Single,8028.0,SP,31,0
10755,2n Cycle,Married,23718.0,AUS,46,1
10757,PhD,Divorced,28420.0,SP,55,1
10766,PhD,Married,65526.0,SP,58,1
10767,PhD,Together,77845.0,US,33,0
10770,Graduation,Married,65492.0,CA,63,0
10779,Graduation,Single,22148.0,SP,39,0
10785,Graduation,Married,44078.0,SA,53,2
10789,PhD,Married,45759.0,SP,58,2
10790,PhD,Married,18169.0,SP,37,1
10795,PhD,Married,37401.0,IND,49,1
10796,Master,Married,30477.0,IND,38,1
10812,PhD,Married,46377.0,SA,44,1
10814,Graduation,Together,70321.0,SP,75,0
10821,Graduation,Married,57113.0,SP,44,2
10826,Graduation,Married,18690.0,SP,63,0
10827,PhD,Married,36947.0,AUS,55,2
10832,Graduation,Together,46610.0,SP,64,0
10833,Graduation,Married,65106.0,SP,47,1
10837,Graduation,Married,23957.0,CA,47,1
10839,Graduation,Together,36283.0,CA,46,2
10841,PhD,Together,56559.0,SP,47,1
10846,Master,Married,43783.0,CA,44,1
10854,PhD,Married,38853.0,IND,52,2
10855,Master,Single,50014.0,SP,54,1
10856,2n Cycle,Single,45889.0,CA,42,1
10858,Graduation,Together,76532.0,SP,47,2
10862,Master,Married,30522.0,SP,62,1
10868,Graduation,Widow,70792.0,SP,71,0
10870,Graduation,Married,61223.0,SA,55,1
10872,PhD,Married,55212.0,SP,53,1
10882,Graduation,Married,53858.0,SP,46,1
10888,Graduation,Single,45938.0,US,61,0
10897,Graduation,Married,67445.0,AUS,48,1
10905,Graduation,Together,42586.0,SP,67,2
10906,PhD,Together,46681.0,SA,74,2
10909,Graduation,Married,92344.0,AUS,74,0
10913,Master,Single,31385.0,SP,38,1
10914,Graduation,Single,24163.0,SP,52,2
10925,Graduation,Married,76630.0,SA,39,0
10928,Graduation,Together,66886.0,SP,64,1
10936,Graduation,Married,72190.0,AUS,57,0
10949,PhD,Divorced,72968.0,SP,59,0
10951,Graduation,Married,45688.0,SP,54,1
10955,Graduation,Widow,85620.0,SP,58,0
10965,Graduation,Together,76005.0,SP,67,0
10967,Graduation,Divorced,33378.0,SA,59,2
10968,Graduation,Single,57731.0,IND,53,1
10971,Graduation,Single,37774.0,SP,45,2
10972,Graduation,Widow,72298.0,SP,73,0
10981,Graduation,Married,84219.0,SA,34,0
10983,Graduation,Together,75278.0,SA,70,0
10991,Master,Married,89058.0,CA,62,0
10992,Graduation,Together,75702.0,SA,55,2
10995,2n Cycle,Married,15716.0,SA,34,1
11003,2n Cycle,Together,25130.0,CA,42,1
11004,2n Cycle,Single,60182.0,SA,129,1
11007,PhD,Married,29187.0,SP,54,1
11010,PhD,Single,16269.0,SP,38,1
11013,Graduation,Together,67605.0,SP,35,0
11025,Graduation,Married,36443.0,SP,61,2
11030,Master,Married,33181.0,SP,46,1
11031,PhD,Married,48699.0,AUS,72,2
11039,Graduation,Married,51948.0,SP,47,1
11051,PhD,Together,77376.0,CA,66,2
11056,Graduation,Married,72099.0,SP,48,0
11071,Graduation,Single,79607.0,CA,38,0
11074,Graduation,Single,85072.0,SA,45,0
11075,Graduation,Married,51267.0,CA,44,2
11084,Master,Together,65104.0,CA,46,1
11086,Basic,Single,25707.0,SP,38,1
11088,PhD,Together,78642.0,SP,51,1
11091,Graduation,Together,34587.0,GER,69,2
11092,Graduation,Married,27116.0,SA,61,2
11096,2n Cycle,Together,57247.0,SP,70,1
11100,Graduation,Divorced,51813.0,CA,50,2
11101,Graduation,Together,89891.0,AUS,31,0
11110,Graduation,Single,3502.0,IND,49,1
11112,Graduation,Together,70713.0,SP,56,1
11114,Graduation,Together,19656.0,SP,52,1
11121,Graduation,Married,19419.0,IND,41,1
11133,PhD,YOLO,48432.0,IND,49,1
11148,Graduation,Together,22280.0,SP,47,1
11166,Graduation,Married,49678.0,SP,61,1
11171,Master,Married,56962.0,AUS,57,3
11176,PhD,Together,65968.0,CA,52,1
11178,Master,Single,42394.0,GER,50,1
11181,PhD,Married,156924.0,CA,73,0
11187,Basic,Single,26487.0,CA,44,1
11188,Graduation,Together,26091.0,SP,65,2
11191,Graduation,Divorced,41411.0,SP,36,0
